"StateFIPS","State","CountyFIPS","County","Year","Value","Data Comment",
"37","North Carolina","37001","Alamance","2008","692","",
"37","North Carolina","37001","Alamance","2009","759","",
"37","North Carolina","37001","Alamance","2010","719","",
"37","North Carolina","37001","Alamance","2011","748","",
"37","North Carolina","37001","Alamance","2012","740","",
"37","North Carolina","37001","Alamance","2013","750","",
"37","North Carolina","37001","Alamance","2014","756","",
"37","North Carolina","37001","Alamance","2015","739","",
"37","North Carolina","37001","Alamance","2016","627","",
"37","North Carolina","37001","Alamance","2017","1,492","",
"37","North Carolina","37001","Alamance","2018","2,434","",
"37","North Carolina","37001","Alamance","2019","1,782","",
"37","North Carolina","37001","Alamance","2020","1,370","",
"37","North Carolina","37001","Alamance","2021","926","",
"37","North Carolina","37003","Alexander","2008","174","",
"37","North Carolina","37003","Alexander","2009","149","",
"37","North Carolina","37003","Alexander","2010","125","",
"37","North Carolina","37003","Alexander","2011","82","",
"37","North Carolina","37003","Alexander","2012","129","",
"37","North Carolina","37003","Alexander","2013","112","",
"37","North Carolina","37003","Alexander","2014","165","",
"37","North Carolina","37003","Alexander","2015","112","",
"37","North Carolina","37003","Alexander","2016","114","",
"37","North Carolina","37003","Alexander","2017","131","",
"37","North Carolina","37003","Alexander","2018","152","",
"37","North Carolina","37003","Alexander","2019","129","",
"37","North Carolina","37003","Alexander","2020","74","",
"37","North Carolina","37003","Alexander","2021","108","",
"37","North Carolina","37005","Alleghany","2008","18","",
"37","North Carolina","37005","Alleghany","2009","19","",
"37","North Carolina","37005","Alleghany","2010","16","",
"37","North Carolina","37005","Alleghany","2011","18","",
"37","North Carolina","37005","Alleghany","2012","47","",
"37","North Carolina","37005","Alleghany","2013","38","",
"37","North Carolina","37005","Alleghany","2014","40","",
"37","North Carolina","37005","Alleghany","2015","45","",
"37","North Carolina","37005","Alleghany","2016","17","",
"37","North Carolina","37005","Alleghany","2017","13","",
"37","North Carolina","37005","Alleghany","2018","30","",
"37","North Carolina","37005","Alleghany","2019","21","",
"37","North Carolina","37005","Alleghany","2020","17","",
"37","North Carolina","37005","Alleghany","2021","20","",
"37","North Carolina","37007","Anson","2008","269","",
"37","North Carolina","37007","Anson","2009","279","",
"37","North Carolina","37007","Anson","2010","255","",
"37","North Carolina","37007","Anson","2011","212","",
"37","North Carolina","37007","Anson","2012","231","",
"37","North Carolina","37007","Anson","2013","134","",
"37","North Carolina","37007","Anson","2014","210","",
"37","North Carolina","37007","Anson","2015","168","",
"37","North Carolina","37007","Anson","2016","130","",
"37","North Carolina","37007","Anson","2017","143","",
"37","North Carolina","37007","Anson","2018","205","",
"37","North Carolina","37007","Anson","2019","130","",
"37","North Carolina","37007","Anson","2020","107","",
"37","North Carolina","37007","Anson","2021","70","",
"37","North Carolina","37009","Ashe","2008","68","",
"37","North Carolina","37009","Ashe","2009","97","",
"37","North Carolina","37009","Ashe","2010","74","",
"37","North Carolina","37009","Ashe","2011","86","",
"37","North Carolina","37009","Ashe","2012","66","",
"37","North Carolina","37009","Ashe","2013","75","",
"37","North Carolina","37009","Ashe","2014","64","",
"37","North Carolina","37009","Ashe","2015","62","",
"37","North Carolina","37009","Ashe","2016","68","",
"37","North Carolina","37009","Ashe","2017","105","",
"37","North Carolina","37009","Ashe","2018","158","",
"37","North Carolina","37009","Ashe","2019","101","",
"37","North Carolina","37009","Ashe","2020","106","",
"37","North Carolina","37009","Ashe","2021","89","",
"37","North Carolina","37011","Avery","2008","21","",
"37","North Carolina","37011","Avery","2009","66","",
"37","North Carolina","37011","Avery","2010","60","",
"37","North Carolina","37011","Avery","2011","72","",
"37","North Carolina","37011","Avery","2012","79","",
"37","North Carolina","37011","Avery","2013","94","",
"37","North Carolina","37011","Avery","2014","81","",
"37","North Carolina","37011","Avery","2015","119","",
"37","North Carolina","37011","Avery","2016","88","",
"37","North Carolina","37011","Avery","2017","145","",
"37","North Carolina","37011","Avery","2018","192","",
"37","North Carolina","37011","Avery","2019","189","",
"37","North Carolina","37011","Avery","2020","164","",
"37","North Carolina","37011","Avery","2021","91","",
"37","North Carolina","37013","Beaufort","2008","264","",
"37","North Carolina","37013","Beaufort","2009","189","",
"37","North Carolina","37013","Beaufort","2010","206","",
"37","North Carolina","37013","Beaufort","2011","199","",
"37","North Carolina","37013","Beaufort","2012","261","",
"37","North Carolina","37013","Beaufort","2013","294","",
"37","North Carolina","37013","Beaufort","2014","191","",
"37","North Carolina","37013","Beaufort","2015","204","",
"37","North Carolina","37013","Beaufort","2016","207","",
"37","North Carolina","37013","Beaufort","2017","275","",
"37","North Carolina","37013","Beaufort","2018","309","",
"37","North Carolina","37013","Beaufort","2019","232","",
"37","North Carolina","37013","Beaufort","2020","149","",
"37","North Carolina","37013","Beaufort","2021","127","",
"37","North Carolina","37015","Bertie","2008","174","",
"37","North Carolina","37015","Bertie","2009","121","",
"37","North Carolina","37015","Bertie","2010","167","",
"37","North Carolina","37015","Bertie","2011","168","",
"37","North Carolina","37015","Bertie","2012","184","",
"37","North Carolina","37015","Bertie","2013","178","",
"37","North Carolina","37015","Bertie","2014","217","",
"37","North Carolina","37015","Bertie","2015","151","",
"37","North Carolina","37015","Bertie","2016","192","",
"37","North Carolina","37015","Bertie","2017","194","",
"37","North Carolina","37015","Bertie","2018","190","",
"37","North Carolina","37015","Bertie","2019","189","",
"37","North Carolina","37015","Bertie","2020","129","",
"37","North Carolina","37015","Bertie","2021","96","",
"37","North Carolina","37017","Bladen","2008","198","",
"37","North Carolina","37017","Bladen","2009","185","",
"37","North Carolina","37017","Bladen","2010","320","",
"37","North Carolina","37017","Bladen","2011","295","",
"37","North Carolina","37017","Bladen","2012","334","",
"37","North Carolina","37017","Bladen","2013","171","",
"37","North Carolina","37017","Bladen","2014","48","",
"37","North Carolina","37017","Bladen","2015","72","",
"37","North Carolina","37017","Bladen","2016","162","",
"37","North Carolina","37017","Bladen","2017","181","",
"37","North Carolina","37017","Bladen","2018","214","",
"37","North Carolina","37017","Bladen","2019","158","",
"37","North Carolina","37017","Bladen","2020","112","",
"37","North Carolina","37017","Bladen","2021","126","",
"37","North Carolina","37019","Brunswick","2008","396","",
"37","North Carolina","37019","Brunswick","2009","415","",
"37","North Carolina","37019","Brunswick","2010","361","",
"37","North Carolina","37019","Brunswick","2011","474","",
"37","North Carolina","37019","Brunswick","2012","502","",
"37","North Carolina","37019","Brunswick","2013","547","",
"37","North Carolina","37019","Brunswick","2014","573","",
"37","North Carolina","37019","Brunswick","2015","419","",
"37","North Carolina","37019","Brunswick","2016","432","",
"37","North Carolina","37019","Brunswick","2017","437","",
"37","North Carolina","37019","Brunswick","2018","248","",
"37","North Carolina","37019","Brunswick","2019","275","",
"37","North Carolina","37019","Brunswick","2020","192","",
"37","North Carolina","37019","Brunswick","2021","220","",
"37","North Carolina","37021","Buncombe","2008","1,836","",
"37","North Carolina","37021","Buncombe","2009","2,220","",
"37","North Carolina","37021","Buncombe","2010","1,584","",
"37","North Carolina","37021","Buncombe","2011","1,279","",
"37","North Carolina","37021","Buncombe","2012","1,393","",
"37","North Carolina","37021","Buncombe","2013","822","",
"37","North Carolina","37021","Buncombe","2014","1,173","",
"37","North Carolina","37021","Buncombe","2015","517","",
"37","North Carolina","37021","Buncombe","2016","639","",
"37","North Carolina","37021","Buncombe","2017","744","",
"37","North Carolina","37021","Buncombe","2018","1,414","",
"37","North Carolina","37021","Buncombe","2019","698","",
"37","North Carolina","37021","Buncombe","2020","680","",
"37","North Carolina","37021","Buncombe","2021","763","",
"37","North Carolina","37023","Burke","2008","538","",
"37","North Carolina","37023","Burke","2009","540","",
"37","North Carolina","37023","Burke","2010","494","",
"37","North Carolina","37023","Burke","2011","560","",
"37","North Carolina","37023","Burke","2012","600","",
"37","North Carolina","37023","Burke","2013","368","",
"37","North Carolina","37023","Burke","2014","328","",
"37","North Carolina","37023","Burke","2015","279","",
"37","North Carolina","37023","Burke","2016","265","",
"37","North Carolina","37023","Burke","2017","247","",
"37","North Carolina","37023","Burke","2018","490","",
"37","North Carolina","37023","Burke","2019","241","",
"37","North Carolina","37023","Burke","2020","285","",
"37","North Carolina","37023","Burke","2021","130","",
"37","North Carolina","37025","Cabarrus","2008","937","",
"37","North Carolina","37025","Cabarrus","2009","911","",
"37","North Carolina","37025","Cabarrus","2010","974","",
"37","North Carolina","37025","Cabarrus","2011","924","",
"37","North Carolina","37025","Cabarrus","2012","1,095","",
"37","North Carolina","37025","Cabarrus","2013","614","",
"37","North Carolina","37025","Cabarrus","2014","669","",
"37","North Carolina","37025","Cabarrus","2015","463","",
"37","North Carolina","37025","Cabarrus","2016","543","",
"37","North Carolina","37025","Cabarrus","2017","906","",
"37","North Carolina","37025","Cabarrus","2018","1,260","",
"37","North Carolina","37025","Cabarrus","2019","637","",
"37","North Carolina","37025","Cabarrus","2020","462","",
"37","North Carolina","37025","Cabarrus","2021","350","",
"37","North Carolina","37027","Caldwell","2008","420","",
"37","North Carolina","37027","Caldwell","2009","456","",
"37","North Carolina","37027","Caldwell","2010","507","",
"37","North Carolina","37027","Caldwell","2011","394","",
"37","North Carolina","37027","Caldwell","2012","378","",
"37","North Carolina","37027","Caldwell","2013","267","",
"37","North Carolina","37027","Caldwell","2014","318","",
"37","North Carolina","37027","Caldwell","2015","285","",
"37","North Carolina","37027","Caldwell","2016","290","",
"37","North Carolina","37027","Caldwell","2017","361","",
"37","North Carolina","37027","Caldwell","2018","603","",
"37","North Carolina","37027","Caldwell","2019","456","",
"37","North Carolina","37027","Caldwell","2020","431","",
"37","North Carolina","37027","Caldwell","2021","183","",
"37","North Carolina","37029","Camden","2008","46","",
"37","North Carolina","37029","Camden","2009","62","",
"37","North Carolina","37029","Camden","2010","51","",
"37","North Carolina","37029","Camden","2011","80","",
"37","North Carolina","37029","Camden","2012","111","",
"37","North Carolina","37029","Camden","2013","101","",
"37","North Carolina","37029","Camden","2014","65","",
"37","North Carolina","37029","Camden","2015","73","",
"37","North Carolina","37029","Camden","2016","86","",
"37","North Carolina","37029","Camden","2017","69","",
"37","North Carolina","37029","Camden","2018","49","",
"37","North Carolina","37029","Camden","2019","31","",
"37","North Carolina","37029","Camden","2020","17","",
"37","North Carolina","37029","Camden","2021","10","",
"37","North Carolina","37031","Carteret","2008","114","",
"37","North Carolina","37031","Carteret","2009","101","",
"37","North Carolina","37031","Carteret","2010","94","",
"37","North Carolina","37031","Carteret","2011","72","",
"37","North Carolina","37031","Carteret","2012","91","",
"37","North Carolina","37031","Carteret","2013","124","",
"37","North Carolina","37031","Carteret","2014","159","",
"37","North Carolina","37031","Carteret","2015","133","",
"37","North Carolina","37031","Carteret","2016","132","",
"37","North Carolina","37031","Carteret","2017","155","",
"37","North Carolina","37031","Carteret","2018","213","",
"37","North Carolina","37031","Carteret","2019","171","",
"37","North Carolina","37031","Carteret","2020","100","",
"37","North Carolina","37031","Carteret","2021","77","",
"37","North Carolina","37033","Caswell","2008","51","",
"37","North Carolina","37033","Caswell","2009","133","",
"37","North Carolina","37033","Caswell","2010","66","",
"37","North Carolina","37033","Caswell","2011","63","",
"37","North Carolina","37033","Caswell","2012","69","",
"37","North Carolina","37033","Caswell","2013","69","",
"37","North Carolina","37033","Caswell","2014","55","",
"37","North Carolina","37033","Caswell","2015","51","",
"37","North Carolina","37033","Caswell","2016","60","",
"37","North Carolina","37033","Caswell","2017","100","",
"37","North Carolina","37033","Caswell","2018","152","",
"37","North Carolina","37033","Caswell","2019","104","",
"37","North Carolina","37033","Caswell","2020","65","",
"37","North Carolina","37033","Caswell","2021","47","",
"37","North Carolina","37035","Catawba","2008","647","",
"37","North Carolina","37035","Catawba","2009","663","",
"37","North Carolina","37035","Catawba","2010","612","",
"37","North Carolina","37035","Catawba","2011","561","",
"37","North Carolina","37035","Catawba","2012","591","",
"37","North Carolina","37035","Catawba","2013","604","",
"37","North Carolina","37035","Catawba","2014","689","",
"37","North Carolina","37035","Catawba","2015","660","",
"37","North Carolina","37035","Catawba","2016","903","",
"37","North Carolina","37035","Catawba","2017","1,053","",
"37","North Carolina","37035","Catawba","2018","1,247","",
"37","North Carolina","37035","Catawba","2019","702","",
"37","North Carolina","37035","Catawba","2020","544","",
"37","North Carolina","37035","Catawba","2021","493","",
"37","North Carolina","37037","Chatham","2008","144","",
"37","North Carolina","37037","Chatham","2009","148","",
"37","North Carolina","37037","Chatham","2010","125","",
"37","North Carolina","37037","Chatham","2011","79","",
"37","North Carolina","37037","Chatham","2012","82","",
"37","North Carolina","37037","Chatham","2013","95","",
"37","North Carolina","37037","Chatham","2014","125","",
"37","North Carolina","37037","Chatham","2015","140","",
"37","North Carolina","37037","Chatham","2016","162","",
"37","North Carolina","37037","Chatham","2017","214","",
"37","North Carolina","37037","Chatham","2018","293","",
"37","North Carolina","37037","Chatham","2019","191","",
"37","North Carolina","37037","Chatham","2020","197","",
"37","North Carolina","37037","Chatham","2021","72","",
"37","North Carolina","37039","Cherokee","2008","116","",
"37","North Carolina","37039","Cherokee","2009","107","",
"37","North Carolina","37039","Cherokee","2010","91","",
"37","North Carolina","37039","Cherokee","2011","110","",
"37","North Carolina","37039","Cherokee","2012","131","",
"37","North Carolina","37039","Cherokee","2013","53","",
"37","North Carolina","37039","Cherokee","2014","Suppressed","",
"37","North Carolina","37039","Cherokee","2015","6","",
"37","North Carolina","37039","Cherokee","2016","37","",
"37","North Carolina","37039","Cherokee","2017","23","",
"37","North Carolina","37039","Cherokee","2018","54","",
"37","North Carolina","37039","Cherokee","2019","31","",
"37","North Carolina","37039","Cherokee","2020","14","",
"37","North Carolina","37039","Cherokee","2021","14","",
"37","North Carolina","37041","Chowan","2008","131","",
"37","North Carolina","37041","Chowan","2009","81","",
"37","North Carolina","37041","Chowan","2010","103","",
"37","North Carolina","37041","Chowan","2011","95","",
"37","North Carolina","37041","Chowan","2012","96","",
"37","North Carolina","37041","Chowan","2013","114","",
"37","North Carolina","37041","Chowan","2014","103","",
"37","North Carolina","37041","Chowan","2015","98","",
"37","North Carolina","37041","Chowan","2016","87","",
"37","North Carolina","37041","Chowan","2017","147","",
"37","North Carolina","37041","Chowan","2018","128","",
"37","North Carolina","37041","Chowan","2019","105","",
"37","North Carolina","37041","Chowan","2020","72","",
"37","North Carolina","37041","Chowan","2021","75","",
"37","North Carolina","37043","Clay","2008","9","",
"37","North Carolina","37043","Clay","2009","21","",
"37","North Carolina","37043","Clay","2010","26","",
"37","North Carolina","37043","Clay","2011","21","",
"37","North Carolina","37043","Clay","2012","36","",
"37","North Carolina","37043","Clay","2013","17","",
"37","North Carolina","37043","Clay","2014","Suppressed","",
"37","North Carolina","37043","Clay","2015","0","",
"37","North Carolina","37043","Clay","2016","8","",
"37","North Carolina","37043","Clay","2017","7","",
"37","North Carolina","37043","Clay","2018","12","",
"37","North Carolina","37043","Clay","2019","6","",
"37","North Carolina","37043","Clay","2020","Suppressed","",
"37","North Carolina","37043","Clay","2021","Suppressed","",
"37","North Carolina","37045","Cleveland","2008","762","",
"37","North Carolina","37045","Cleveland","2009","977","",
"37","North Carolina","37045","Cleveland","2010","919","",
"37","North Carolina","37045","Cleveland","2011","1,226","",
"37","North Carolina","37045","Cleveland","2012","993","",
"37","North Carolina","37045","Cleveland","2013","957","",
"37","North Carolina","37045","Cleveland","2014","729","",
"37","North Carolina","37045","Cleveland","2015","579","",
"37","North Carolina","37045","Cleveland","2016","750","",
"37","North Carolina","37045","Cleveland","2017","752","",
"37","North Carolina","37045","Cleveland","2018","840","",
"37","North Carolina","37045","Cleveland","2019","496","",
"37","North Carolina","37045","Cleveland","2020","358","",
"37","North Carolina","37045","Cleveland","2021","257","",
"37","North Carolina","37047","Columbus","2008","233","",
"37","North Carolina","37047","Columbus","2009","221","",
"37","North Carolina","37047","Columbus","2010","194","",
"37","North Carolina","37047","Columbus","2011","226","",
"37","North Carolina","37047","Columbus","2012","171","",
"37","North Carolina","37047","Columbus","2013","196","",
"37","North Carolina","37047","Columbus","2014","241","",
"37","North Carolina","37047","Columbus","2015","199","",
"37","North Carolina","37047","Columbus","2016","276","",
"37","North Carolina","37047","Columbus","2017","202","",
"37","North Carolina","37047","Columbus","2018","213","",
"37","North Carolina","37047","Columbus","2019","239","",
"37","North Carolina","37047","Columbus","2020","265","",
"37","North Carolina","37047","Columbus","2021","246","",
"37","North Carolina","37049","Craven","2008","720","",
"37","North Carolina","37049","Craven","2009","904","",
"37","North Carolina","37049","Craven","2010","992","",
"37","North Carolina","37049","Craven","2011","940","",
"37","North Carolina","37049","Craven","2012","867","",
"37","North Carolina","37049","Craven","2013","708","",
"37","North Carolina","37049","Craven","2014","524","",
"37","North Carolina","37049","Craven","2015","377","",
"37","North Carolina","37049","Craven","2016","273","",
"37","North Carolina","37049","Craven","2017","303","",
"37","North Carolina","37049","Craven","2018","504","",
"37","North Carolina","37049","Craven","2019","422","",
"37","North Carolina","37049","Craven","2020","293","",
"37","North Carolina","37049","Craven","2021","221","",
"37","North Carolina","37051","Cumberland","2008","3,016","",
"37","North Carolina","37051","Cumberland","2009","3,067","",
"37","North Carolina","37051","Cumberland","2010","3,008","",
"37","North Carolina","37051","Cumberland","2011","3,034","",
"37","North Carolina","37051","Cumberland","2012","2,120","",
"37","North Carolina","37051","Cumberland","2013","2,470","",
"37","North Carolina","37051","Cumberland","2014","2,631","",
"37","North Carolina","37051","Cumberland","2015","2,263","",
"37","North Carolina","37051","Cumberland","2016","2,601","",
"37","North Carolina","37051","Cumberland","2017","2,642","",
"37","North Carolina","37051","Cumberland","2018","3,138","",
"37","North Carolina","37051","Cumberland","2019","2,409","",
"37","North Carolina","37051","Cumberland","2020","1,281","",
"37","North Carolina","37051","Cumberland","2021","1,367","",
"37","North Carolina","37053","Currituck","2008","93","",
"37","North Carolina","37053","Currituck","2009","66","",
"37","North Carolina","37053","Currituck","2010","77","",
"37","North Carolina","37053","Currituck","2011","88","",
"37","North Carolina","37053","Currituck","2012","89","",
"37","North Carolina","37053","Currituck","2013","97","",
"37","North Carolina","37053","Currituck","2014","49","",
"37","North Carolina","37053","Currituck","2015","61","",
"37","North Carolina","37053","Currituck","2016","67","",
"37","North Carolina","37053","Currituck","2017","44","",
"37","North Carolina","37053","Currituck","2018","39","",
"37","North Carolina","37053","Currituck","2019","29","",
"37","North Carolina","37053","Currituck","2020","20","",
"37","North Carolina","37053","Currituck","2021","21","",
"37","North Carolina","37055","Dare","2008","145","",
"37","North Carolina","37055","Dare","2009","75","",
"37","North Carolina","37055","Dare","2010","99","",
"37","North Carolina","37055","Dare","2011","146","",
"37","North Carolina","37055","Dare","2012","168","",
"37","North Carolina","37055","Dare","2013","148","",
"37","North Carolina","37055","Dare","2014","98","",
"37","North Carolina","37055","Dare","2015","88","",
"37","North Carolina","37055","Dare","2016","88","",
"37","North Carolina","37055","Dare","2017","76","",
"37","North Carolina","37055","Dare","2018","88","",
"37","North Carolina","37055","Dare","2019","58","",
"37","North Carolina","37055","Dare","2020","54","",
"37","North Carolina","37055","Dare","2021","34","",
"37","North Carolina","37057","Davidson","2008","635","",
"37","North Carolina","37057","Davidson","2009","652","",
"37","North Carolina","37057","Davidson","2010","489","",
"37","North Carolina","37057","Davidson","2011","472","",
"37","North Carolina","37057","Davidson","2012","563","",
"37","North Carolina","37057","Davidson","2013","601","",
"37","North Carolina","37057","Davidson","2014","571","",
"37","North Carolina","37057","Davidson","2015","543","",
"37","North Carolina","37057","Davidson","2016","569","",
"37","North Carolina","37057","Davidson","2017","567","",
"37","North Carolina","37057","Davidson","2018","594","",
"37","North Carolina","37057","Davidson","2019","453","",
"37","North Carolina","37057","Davidson","2020","322","",
"37","North Carolina","37057","Davidson","2021","273","",
"37","North Carolina","37059","Davie","2008","77","",
"37","North Carolina","37059","Davie","2009","81","",
"37","North Carolina","37059","Davie","2010","92","",
"37","North Carolina","37059","Davie","2011","75","",
"37","North Carolina","37059","Davie","2012","82","",
"37","North Carolina","37059","Davie","2013","78","",
"37","North Carolina","37059","Davie","2014","91","",
"37","North Carolina","37059","Davie","2015","90","",
"37","North Carolina","37059","Davie","2016","98","",
"37","North Carolina","37059","Davie","2017","96","",
"37","North Carolina","37059","Davie","2018","86","",
"37","North Carolina","37059","Davie","2019","87","",
"37","North Carolina","37059","Davie","2020","54","",
"37","North Carolina","37059","Davie","2021","59","",
"37","North Carolina","37061","Duplin","2008","94","",
"37","North Carolina","37061","Duplin","2009","73","",
"37","North Carolina","37061","Duplin","2010","90","",
"37","North Carolina","37061","Duplin","2011","94","",
"37","North Carolina","37061","Duplin","2012","209","",
"37","North Carolina","37061","Duplin","2013","366","",
"37","North Carolina","37061","Duplin","2014","354","",
"37","North Carolina","37061","Duplin","2015","296","",
"37","North Carolina","37061","Duplin","2016","295","",
"37","North Carolina","37061","Duplin","2017","386","",
"37","North Carolina","37061","Duplin","2018","315","",
"37","North Carolina","37061","Duplin","2019","328","",
"37","North Carolina","37061","Duplin","2020","244","",
"37","North Carolina","37061","Duplin","2021","204","",
"37","North Carolina","37063","Durham","2008","1,095","",
"37","North Carolina","37063","Durham","2009","1,221","",
"37","North Carolina","37063","Durham","2010","1,480","",
"37","North Carolina","37063","Durham","2011","1,667","",
"37","North Carolina","37063","Durham","2012","1,728","",
"37","North Carolina","37063","Durham","2013","1,378","",
"37","North Carolina","37063","Durham","2014","870","",
"37","North Carolina","37063","Durham","2015","798","",
"37","North Carolina","37063","Durham","2016","1,191","",
"37","North Carolina","37063","Durham","2017","1,138","",
"37","North Carolina","37063","Durham","2018","1,301","",
"37","North Carolina","37063","Durham","2019","1,109","",
"37","North Carolina","37063","Durham","2020","757","",
"37","North Carolina","37063","Durham","2021","698","",
"37","North Carolina","37065","Edgecombe","2008","465","",
"37","North Carolina","37065","Edgecombe","2009","357","",
"37","North Carolina","37065","Edgecombe","2010","376","",
"37","North Carolina","37065","Edgecombe","2011","315","",
"37","North Carolina","37065","Edgecombe","2012","318","",
"37","North Carolina","37065","Edgecombe","2013","282","",
"37","North Carolina","37065","Edgecombe","2014","244","",
"37","North Carolina","37065","Edgecombe","2015","246","",
"37","North Carolina","37065","Edgecombe","2016","486","",
"37","North Carolina","37065","Edgecombe","2017","510","",
"37","North Carolina","37065","Edgecombe","2018","513","",
"37","North Carolina","37065","Edgecombe","2019","699","",
"37","North Carolina","37065","Edgecombe","2020","502","",
"37","North Carolina","37065","Edgecombe","2021","259","",
"37","North Carolina","37067","Forsyth","2008","1,959","",
"37","North Carolina","37067","Forsyth","2009","1,849","",
"37","North Carolina","37067","Forsyth","2010","1,810","",
"37","North Carolina","37067","Forsyth","2011","1,591","",
"37","North Carolina","37067","Forsyth","2012","1,939","",
"37","North Carolina","37067","Forsyth","2013","1,966","",
"37","North Carolina","37067","Forsyth","2014","1,735","",
"37","North Carolina","37067","Forsyth","2015","1,532","",
"37","North Carolina","37067","Forsyth","2016","1,480","",
"37","North Carolina","37067","Forsyth","2017","1,416","",
"37","North Carolina","37067","Forsyth","2018","1,526","",
"37","North Carolina","37067","Forsyth","2019","1,359","",
"37","North Carolina","37067","Forsyth","2020","913","",
"37","North Carolina","37067","Forsyth","2021","937","",
"37","North Carolina","37069","Franklin","2008","214","",
"37","North Carolina","37069","Franklin","2009","244","",
"37","North Carolina","37069","Franklin","2010","261","",
"37","North Carolina","37069","Franklin","2011","301","",
"37","North Carolina","37069","Franklin","2012","396","",
"37","North Carolina","37069","Franklin","2013","306","",
"37","North Carolina","37069","Franklin","2014","282","",
"37","North Carolina","37069","Franklin","2015","200","",
"37","North Carolina","37069","Franklin","2016","225","",
"37","North Carolina","37069","Franklin","2017","223","",
"37","North Carolina","37069","Franklin","2018","263","",
"37","North Carolina","37069","Franklin","2019","257","",
"37","North Carolina","37069","Franklin","2020","235","",
"37","North Carolina","37069","Franklin","2021","156","",
"37","North Carolina","37071","Gaston","2008","951","",
"37","North Carolina","37071","Gaston","2009","961","",
"37","North Carolina","37071","Gaston","2010","1,030","",
"37","North Carolina","37071","Gaston","2011","1,148","",
"37","North Carolina","37071","Gaston","2012","1,137","",
"37","North Carolina","37071","Gaston","2013","643","",
"37","North Carolina","37071","Gaston","2014","1,091","",
"37","North Carolina","37071","Gaston","2015","889","",
"37","North Carolina","37071","Gaston","2016","947","",
"37","North Carolina","37071","Gaston","2017","946","",
"37","North Carolina","37071","Gaston","2018","879","",
"37","North Carolina","37071","Gaston","2019","815","",
"37","North Carolina","37071","Gaston","2020","571","",
"37","North Carolina","37071","Gaston","2021","537","",
"37","North Carolina","37073","Gates","2008","32","",
"37","North Carolina","37073","Gates","2009","41","",
"37","North Carolina","37073","Gates","2010","30","",
"37","North Carolina","37073","Gates","2011","33","",
"37","North Carolina","37073","Gates","2012","34","",
"37","North Carolina","37073","Gates","2013","38","",
"37","North Carolina","37073","Gates","2014","39","",
"37","North Carolina","37073","Gates","2015","37","",
"37","North Carolina","37073","Gates","2016","46","",
"37","North Carolina","37073","Gates","2017","27","",
"37","North Carolina","37073","Gates","2018","29","",
"37","North Carolina","37073","Gates","2019","30","",
"37","North Carolina","37073","Gates","2020","13","",
"37","North Carolina","37073","Gates","2021","15","",
"37","North Carolina","37075","Graham","2008","35","",
"37","North Carolina","37075","Graham","2009","43","",
"37","North Carolina","37075","Graham","2010","33","",
"37","North Carolina","37075","Graham","2011","17","",
"37","North Carolina","37075","Graham","2012","29","",
"37","North Carolina","37075","Graham","2013","12","",
"37","North Carolina","37075","Graham","2014","7","",
"37","North Carolina","37075","Graham","2015","14","",
"37","North Carolina","37075","Graham","2016","19","",
"37","North Carolina","37075","Graham","2017","Suppressed","",
"37","North Carolina","37075","Graham","2018","18","",
"37","North Carolina","37075","Graham","2019","15","",
"37","North Carolina","37075","Graham","2020","19","",
"37","North Carolina","37075","Graham","2021","19","",
"37","North Carolina","37077","Granville","2008","202","",
"37","North Carolina","37077","Granville","2009","229","",
"37","North Carolina","37077","Granville","2010","236","",
"37","North Carolina","37077","Granville","2011","234","",
"37","North Carolina","37077","Granville","2012","199","",
"37","North Carolina","37077","Granville","2013","151","",
"37","North Carolina","37077","Granville","2014","193","",
"37","North Carolina","37077","Granville","2015","213","",
"37","North Carolina","37077","Granville","2016","233","",
"37","North Carolina","37077","Granville","2017","238","",
"37","North Carolina","37077","Granville","2018","243","",
"37","North Carolina","37077","Granville","2019","198","",
"37","North Carolina","37077","Granville","2020","133","",
"37","North Carolina","37077","Granville","2021","124","",
"37","North Carolina","37079","Greene","2008","73","",
"37","North Carolina","37079","Greene","2009","54","",
"37","North Carolina","37079","Greene","2010","79","",
"37","North Carolina","37079","Greene","2011","66","",
"37","North Carolina","37079","Greene","2012","78","",
"37","North Carolina","37079","Greene","2013","92","",
"37","North Carolina","37079","Greene","2014","85","",
"37","North Carolina","37079","Greene","2015","86","",
"37","North Carolina","37079","Greene","2016","112","",
"37","North Carolina","37079","Greene","2017","118","",
"37","North Carolina","37079","Greene","2018","120","",
"37","North Carolina","37079","Greene","2019","125","",
"37","North Carolina","37079","Greene","2020","108","",
"37","North Carolina","37079","Greene","2021","61","",
"37","North Carolina","37081","Guilford","2008","3,125","",
"37","North Carolina","37081","Guilford","2009","2,918","",
"37","North Carolina","37081","Guilford","2010","2,822","",
"37","North Carolina","37081","Guilford","2011","2,846","",
"37","North Carolina","37081","Guilford","2012","3,550","",
"37","North Carolina","37081","Guilford","2013","3,139","",
"37","North Carolina","37081","Guilford","2014","2,822","",
"37","North Carolina","37081","Guilford","2015","2,394","",
"37","North Carolina","37081","Guilford","2016","4,302","",
"37","North Carolina","37081","Guilford","2017","6,925","",
"37","North Carolina","37081","Guilford","2018","8,429","",
"37","North Carolina","37081","Guilford","2019","5,886","",
"37","North Carolina","37081","Guilford","2020","3,863","",
"37","North Carolina","37081","Guilford","2021","2,923","",
"37","North Carolina","37083","Halifax","2008","581","",
"37","North Carolina","37083","Halifax","2009","646","",
"37","North Carolina","37083","Halifax","2010","617","",
"37","North Carolina","37083","Halifax","2011","585","",
"37","North Carolina","37083","Halifax","2012","602","",
"37","North Carolina","37083","Halifax","2013","458","",
"37","North Carolina","37083","Halifax","2014","472","",
"37","North Carolina","37083","Halifax","2015","455","",
"37","North Carolina","37083","Halifax","2016","669","",
"37","North Carolina","37083","Halifax","2017","589","",
"37","North Carolina","37083","Halifax","2018","644","",
"37","North Carolina","37083","Halifax","2019","590","",
"37","North Carolina","37083","Halifax","2020","373","",
"37","North Carolina","37083","Halifax","2021","231","",
"37","North Carolina","37085","Harnett","2008","478","",
"37","North Carolina","37085","Harnett","2009","401","",
"37","North Carolina","37085","Harnett","2010","430","",
"37","North Carolina","37085","Harnett","2011","522","",
"37","North Carolina","37085","Harnett","2012","595","",
"37","North Carolina","37085","Harnett","2013","567","",
"37","North Carolina","37085","Harnett","2014","484","",
"37","North Carolina","37085","Harnett","2015","528","",
"37","North Carolina","37085","Harnett","2016","478","",
"37","North Carolina","37085","Harnett","2017","414","",
"37","North Carolina","37085","Harnett","2018","728","",
"37","North Carolina","37085","Harnett","2019","656","",
"37","North Carolina","37085","Harnett","2020","352","",
"37","North Carolina","37085","Harnett","2021","329","",
"37","North Carolina","37087","Haywood","2008","367","",
"37","North Carolina","37087","Haywood","2009","328","",
"37","North Carolina","37087","Haywood","2010","235","",
"37","North Carolina","37087","Haywood","2011","174","",
"37","North Carolina","37087","Haywood","2012","151","",
"37","North Carolina","37087","Haywood","2013","93","",
"37","North Carolina","37087","Haywood","2014","106","",
"37","North Carolina","37087","Haywood","2015","95","",
"37","North Carolina","37087","Haywood","2016","66","",
"37","North Carolina","37087","Haywood","2017","112","",
"37","North Carolina","37087","Haywood","2018","147","",
"37","North Carolina","37087","Haywood","2019","115","",
"37","North Carolina","37087","Haywood","2020","104","",
"37","North Carolina","37087","Haywood","2021","88","",
"37","North Carolina","37089","Henderson","2008","327","",
"37","North Carolina","37089","Henderson","2009","398","",
"37","North Carolina","37089","Henderson","2010","330","",
"37","North Carolina","37089","Henderson","2011","233","",
"37","North Carolina","37089","Henderson","2012","250","",
"37","North Carolina","37089","Henderson","2013","232","",
"37","North Carolina","37089","Henderson","2014","237","",
"37","North Carolina","37089","Henderson","2015","204","",
"37","North Carolina","37089","Henderson","2016","372","",
"37","North Carolina","37089","Henderson","2017","335","",
"37","North Carolina","37089","Henderson","2018","368","",
"37","North Carolina","37089","Henderson","2019","305","",
"37","North Carolina","37089","Henderson","2020","230","",
"37","North Carolina","37089","Henderson","2021","202","",
"37","North Carolina","37091","Hertford","2008","144","",
"37","North Carolina","37091","Hertford","2009","97","",
"37","North Carolina","37091","Hertford","2010","108","",
"37","North Carolina","37091","Hertford","2011","120","",
"37","North Carolina","37091","Hertford","2012","151","",
"37","North Carolina","37091","Hertford","2013","147","",
"37","North Carolina","37091","Hertford","2014","161","",
"37","North Carolina","37091","Hertford","2015","138","",
"37","North Carolina","37091","Hertford","2016","135","",
"37","North Carolina","37091","Hertford","2017","121","",
"37","North Carolina","37091","Hertford","2018","183","",
"37","North Carolina","37091","Hertford","2019","158","",
"37","North Carolina","37091","Hertford","2020","92","",
"37","North Carolina","37091","Hertford","2021","72","",
"37","North Carolina","37093","Hoke","2008","269","",
"37","North Carolina","37093","Hoke","2009","308","",
"37","North Carolina","37093","Hoke","2010","388","",
"37","North Carolina","37093","Hoke","2011","304","",
"37","North Carolina","37093","Hoke","2012","230","",
"37","North Carolina","37093","Hoke","2013","229","",
"37","North Carolina","37093","Hoke","2014","450","",
"37","North Carolina","37093","Hoke","2015","406","",
"37","North Carolina","37093","Hoke","2016","356","",
"37","North Carolina","37093","Hoke","2017","395","",
"37","North Carolina","37093","Hoke","2018","375","",
"37","North Carolina","37093","Hoke","2019","303","",
"37","North Carolina","37093","Hoke","2020","170","",
"37","North Carolina","37093","Hoke","2021","181","",
"37","North Carolina","37095","Hyde","2008","36","",
"37","North Carolina","37095","Hyde","2009","32","",
"37","North Carolina","37095","Hyde","2010","26","",
"37","North Carolina","37095","Hyde","2011","31","",
"37","North Carolina","37095","Hyde","2012","36","",
"37","North Carolina","37095","Hyde","2013","12","",
"37","North Carolina","37095","Hyde","2014","20","",
"37","North Carolina","37095","Hyde","2015","9","",
"37","North Carolina","37095","Hyde","2016","9","",
"37","North Carolina","37095","Hyde","2017","11","",
"37","North Carolina","37095","Hyde","2018","6","",
"37","North Carolina","37095","Hyde","2019","7","",
"37","North Carolina","37095","Hyde","2020","Suppressed","",
"37","North Carolina","37095","Hyde","2021","Suppressed","",
"37","North Carolina","37097","Iredell","2008","894","",
"37","North Carolina","37097","Iredell","2009","787","",
"37","North Carolina","37097","Iredell","2010","653","",
"37","North Carolina","37097","Iredell","2011","396","",
"37","North Carolina","37097","Iredell","2012","842","",
"37","North Carolina","37097","Iredell","2013","902","",
"37","North Carolina","37097","Iredell","2014","804","",
"37","North Carolina","37097","Iredell","2015","657","",
"37","North Carolina","37097","Iredell","2016","847","",
"37","North Carolina","37097","Iredell","2017","1,397","",
"37","North Carolina","37097","Iredell","2018","1,385","",
"37","North Carolina","37097","Iredell","2019","1,160","",
"37","North Carolina","37097","Iredell","2020","827","",
"37","North Carolina","37097","Iredell","2021","809","",
"37","North Carolina","37099","Jackson","2008","179","",
"37","North Carolina","37099","Jackson","2009","189","",
"37","North Carolina","37099","Jackson","2010","165","",
"37","North Carolina","37099","Jackson","2011","120","",
"37","North Carolina","37099","Jackson","2012","26","",
"37","North Carolina","37099","Jackson","2013","44","",
"37","North Carolina","37099","Jackson","2014","54","",
"37","North Carolina","37099","Jackson","2015","59","",
"37","North Carolina","37099","Jackson","2016","50","",
"37","North Carolina","37099","Jackson","2017","85","",
"37","North Carolina","37099","Jackson","2018","116","",
"37","North Carolina","37099","Jackson","2019","106","",
"37","North Carolina","37099","Jackson","2020","145","",
"37","North Carolina","37099","Jackson","2021","113","",
"37","North Carolina","37101","Johnston","2008","363","",
"37","North Carolina","37101","Johnston","2009","441","",
"37","North Carolina","37101","Johnston","2010","279","",
"37","North Carolina","37101","Johnston","2011","362","",
"37","North Carolina","37101","Johnston","2012","433","",
"37","North Carolina","37101","Johnston","2013","511","",
"37","North Carolina","37101","Johnston","2014","456","",
"37","North Carolina","37101","Johnston","2015","577","",
"37","North Carolina","37101","Johnston","2016","625","",
"37","North Carolina","37101","Johnston","2017","852","",
"37","North Carolina","37101","Johnston","2018","1,735","",
"37","North Carolina","37101","Johnston","2019","1,592","",
"37","North Carolina","37101","Johnston","2020","1,063","",
"37","North Carolina","37101","Johnston","2021","481","",
"37","North Carolina","37103","Jones","2008","70","",
"37","North Carolina","37103","Jones","2009","112","",
"37","North Carolina","37103","Jones","2010","98","",
"37","North Carolina","37103","Jones","2011","79","",
"37","North Carolina","37103","Jones","2012","77","",
"37","North Carolina","37103","Jones","2013","57","",
"37","North Carolina","37103","Jones","2014","40","",
"37","North Carolina","37103","Jones","2015","47","",
"37","North Carolina","37103","Jones","2016","40","",
"37","North Carolina","37103","Jones","2017","37","",
"37","North Carolina","37103","Jones","2018","54","",
"37","North Carolina","37103","Jones","2019","62","",
"37","North Carolina","37103","Jones","2020","45","",
"37","North Carolina","37103","Jones","2021","43","",
"37","North Carolina","37105","Lee","2008","360","",
"37","North Carolina","37105","Lee","2009","418","",
"37","North Carolina","37105","Lee","2010","568","",
"37","North Carolina","37105","Lee","2011","782","",
"37","North Carolina","37105","Lee","2012","749","",
"37","North Carolina","37105","Lee","2013","364","",
"37","North Carolina","37105","Lee","2014","70","",
"37","North Carolina","37105","Lee","2015","68","",
"37","North Carolina","37105","Lee","2016","560","",
"37","North Carolina","37105","Lee","2017","769","",
"37","North Carolina","37105","Lee","2018","956","",
"37","North Carolina","37105","Lee","2019","492","",
"37","North Carolina","37105","Lee","2020","325","",
"37","North Carolina","37105","Lee","2021","256","",
"37","North Carolina","37107","Lenoir","2008","188","",
"37","North Carolina","37107","Lenoir","2009","213","",
"37","North Carolina","37107","Lenoir","2010","281","",
"37","North Carolina","37107","Lenoir","2011","260","",
"37","North Carolina","37107","Lenoir","2012","261","",
"37","North Carolina","37107","Lenoir","2013","309","",
"37","North Carolina","37107","Lenoir","2014","304","",
"37","North Carolina","37107","Lenoir","2015","454","",
"37","North Carolina","37107","Lenoir","2016","558","",
"37","North Carolina","37107","Lenoir","2017","590","",
"37","North Carolina","37107","Lenoir","2018","512","",
"37","North Carolina","37107","Lenoir","2019","663","",
"37","North Carolina","37107","Lenoir","2020","618","",
"37","North Carolina","37107","Lenoir","2021","344","",
"37","North Carolina","37109","Lincoln","2008","135","",
"37","North Carolina","37109","Lincoln","2009","131","",
"37","North Carolina","37109","Lincoln","2010","235","",
"37","North Carolina","37109","Lincoln","2011","469","",
"37","North Carolina","37109","Lincoln","2012","518","",
"37","North Carolina","37109","Lincoln","2013","395","",
"37","North Carolina","37109","Lincoln","2014","243","",
"37","North Carolina","37109","Lincoln","2015","277","",
"37","North Carolina","37109","Lincoln","2016","246","",
"37","North Carolina","37109","Lincoln","2017","287","",
"37","North Carolina","37109","Lincoln","2018","346","",
"37","North Carolina","37109","Lincoln","2019","212","",
"37","North Carolina","37109","Lincoln","2020","173","",
"37","North Carolina","37109","Lincoln","2021","112","",
"37","North Carolina","37113","Macon","2008","112","",
"37","North Carolina","37113","Macon","2009","148","",
"37","North Carolina","37113","Macon","2010","111","",
"37","North Carolina","37113","Macon","2011","100","",
"37","North Carolina","37113","Macon","2012","111","",
"37","North Carolina","37113","Macon","2013","129","",
"37","North Carolina","37113","Macon","2014","135","",
"37","North Carolina","37113","Macon","2015","156","",
"37","North Carolina","37113","Macon","2016","132","",
"37","North Carolina","37113","Macon","2017","141","",
"37","North Carolina","37113","Macon","2018","336","",
"37","North Carolina","37113","Macon","2019","199","",
"37","North Carolina","37113","Macon","2020","223","",
"37","North Carolina","37113","Macon","2021","230","",
"37","North Carolina","37115","Madison","2008","131","",
"37","North Carolina","37115","Madison","2009","166","",
"37","North Carolina","37115","Madison","2010","167","",
"37","North Carolina","37115","Madison","2011","90","",
"37","North Carolina","37115","Madison","2012","77","",
"37","North Carolina","37115","Madison","2013","46","",
"37","North Carolina","37115","Madison","2014","74","",
"37","North Carolina","37115","Madison","2015","37","",
"37","North Carolina","37115","Madison","2016","43","",
"37","North Carolina","37115","Madison","2017","59","",
"37","North Carolina","37115","Madison","2018","104","",
"37","North Carolina","37115","Madison","2019","73","",
"37","North Carolina","37115","Madison","2020","65","",
"37","North Carolina","37115","Madison","2021","71","",
"37","North Carolina","37117","Martin","2008","75","",
"37","North Carolina","37117","Martin","2009","115","",
"37","North Carolina","37117","Martin","2010","120","",
"37","North Carolina","37117","Martin","2011","159","",
"37","North Carolina","37117","Martin","2012","62","",
"37","North Carolina","37117","Martin","2013","66","",
"37","North Carolina","37117","Martin","2014","122","",
"37","North Carolina","37117","Martin","2015","208","",
"37","North Carolina","37117","Martin","2016","247","",
"37","North Carolina","37117","Martin","2017","208","",
"37","North Carolina","37117","Martin","2018","279","",
"37","North Carolina","37117","Martin","2019","231","",
"37","North Carolina","37117","Martin","2020","143","",
"37","North Carolina","37117","Martin","2021","122","",
"37","North Carolina","37111","McDowell","2008","155","",
"37","North Carolina","37111","McDowell","2009","199","",
"37","North Carolina","37111","McDowell","2010","220","",
"37","North Carolina","37111","McDowell","2011","255","",
"37","North Carolina","37111","McDowell","2012","412","",
"37","North Carolina","37111","McDowell","2013","244","",
"37","North Carolina","37111","McDowell","2014","310","",
"37","North Carolina","37111","McDowell","2015","154","",
"37","North Carolina","37111","McDowell","2016","148","",
"37","North Carolina","37111","McDowell","2017","232","",
"37","North Carolina","37111","McDowell","2018","448","",
"37","North Carolina","37111","McDowell","2019","221","",
"37","North Carolina","37111","McDowell","2020","268","",
"37","North Carolina","37111","McDowell","2021","327","",
"37","North Carolina","37119","Mecklenburg","2008","4,124","",
"37","North Carolina","37119","Mecklenburg","2009","4,270","",
"37","North Carolina","37119","Mecklenburg","2010","4,371","",
"37","North Carolina","37119","Mecklenburg","2011","4,370","",
"37","North Carolina","37119","Mecklenburg","2012","5,038","",
"37","North Carolina","37119","Mecklenburg","2013","3,004","",
"37","North Carolina","37119","Mecklenburg","2014","4,627","",
"37","North Carolina","37119","Mecklenburg","2015","4,279","",
"37","North Carolina","37119","Mecklenburg","2016","4,182","",
"37","North Carolina","37119","Mecklenburg","2017","4,941","",
"37","North Carolina","37119","Mecklenburg","2018","5,665","",
"37","North Carolina","37119","Mecklenburg","2019","3,588","",
"37","North Carolina","37119","Mecklenburg","2020","2,437","",
"37","North Carolina","37119","Mecklenburg","2021","2,098","",
"37","North Carolina","37121","Mitchell","2008","29","",
"37","North Carolina","37121","Mitchell","2009","43","",
"37","North Carolina","37121","Mitchell","2010","29","",
"37","North Carolina","37121","Mitchell","2011","33","",
"37","North Carolina","37121","Mitchell","2012","60","",
"37","North Carolina","37121","Mitchell","2013","57","",
"37","North Carolina","37121","Mitchell","2014","108","",
"37","North Carolina","37121","Mitchell","2015","64","",
"37","North Carolina","37121","Mitchell","2016","52","",
"37","North Carolina","37121","Mitchell","2017","85","",
"37","North Carolina","37121","Mitchell","2018","162","",
"37","North Carolina","37121","Mitchell","2019","83","",
"37","North Carolina","37121","Mitchell","2020","91","",
"37","North Carolina","37121","Mitchell","2021","98","",
"37","North Carolina","37123","Montgomery","2008","85","",
"37","North Carolina","37123","Montgomery","2009","144","",
"37","North Carolina","37123","Montgomery","2010","326","",
"37","North Carolina","37123","Montgomery","2011","257","",
"37","North Carolina","37123","Montgomery","2012","247","",
"37","North Carolina","37123","Montgomery","2013","197","",
"37","North Carolina","37123","Montgomery","2014","194","",
"37","North Carolina","37123","Montgomery","2015","242","",
"37","North Carolina","37123","Montgomery","2016","152","",
"37","North Carolina","37123","Montgomery","2017","180","",
"37","North Carolina","37123","Montgomery","2018","179","",
"37","North Carolina","37123","Montgomery","2019","146","",
"37","North Carolina","37123","Montgomery","2020","86","",
"37","North Carolina","37123","Montgomery","2021","56","",
"37","North Carolina","37125","Moore","2008","471","",
"37","North Carolina","37125","Moore","2009","433","",
"37","North Carolina","37125","Moore","2010","469","",
"37","North Carolina","37125","Moore","2011","378","",
"37","North Carolina","37125","Moore","2012","398","",
"37","North Carolina","37125","Moore","2013","396","",
"37","North Carolina","37125","Moore","2014","385","",
"37","North Carolina","37125","Moore","2015","410","",
"37","North Carolina","37125","Moore","2016","259","",
"37","North Carolina","37125","Moore","2017","285","",
"37","North Carolina","37125","Moore","2018","311","",
"37","North Carolina","37125","Moore","2019","285","",
"37","North Carolina","37125","Moore","2020","164","",
"37","North Carolina","37125","Moore","2021","163","",
"37","North Carolina","37127","Nash","2008","460","",
"37","North Carolina","37127","Nash","2009","401","",
"37","North Carolina","37127","Nash","2010","477","",
"37","North Carolina","37127","Nash","2011","285","",
"37","North Carolina","37127","Nash","2012","127","",
"37","North Carolina","37127","Nash","2013","260","",
"37","North Carolina","37127","Nash","2014","182","",
"37","North Carolina","37127","Nash","2015","192","",
"37","North Carolina","37127","Nash","2016","477","",
"37","North Carolina","37127","Nash","2017","453","",
"37","North Carolina","37127","Nash","2018","502","",
"37","North Carolina","37127","Nash","2019","905","",
"37","North Carolina","37127","Nash","2020","672","",
"37","North Carolina","37127","Nash","2021","401","",
"37","North Carolina","37129","New Hanover","2008","1,043","",
"37","North Carolina","37129","New Hanover","2009","799","",
"37","North Carolina","37129","New Hanover","2010","818","",
"37","North Carolina","37129","New Hanover","2011","1,067","",
"37","North Carolina","37129","New Hanover","2012","1,054","",
"37","North Carolina","37129","New Hanover","2013","1,247","",
"37","North Carolina","37129","New Hanover","2014","1,350","",
"37","North Carolina","37129","New Hanover","2015","904","",
"37","North Carolina","37129","New Hanover","2016","1,425","",
"37","North Carolina","37129","New Hanover","2017","1,821","",
"37","North Carolina","37129","New Hanover","2018","886","",
"37","North Carolina","37129","New Hanover","2019","723","",
"37","North Carolina","37129","New Hanover","2020","508","",
"37","North Carolina","37129","New Hanover","2021","485","",
"37","North Carolina","37131","Northampton","2008","177","",
"37","North Carolina","37131","Northampton","2009","192","",
"37","North Carolina","37131","Northampton","2010","182","",
"37","North Carolina","37131","Northampton","2011","160","",
"37","North Carolina","37131","Northampton","2012","170","",
"37","North Carolina","37131","Northampton","2013","121","",
"37","North Carolina","37131","Northampton","2014","136","",
"37","North Carolina","37131","Northampton","2015","134","",
"37","North Carolina","37131","Northampton","2016","210","",
"37","North Carolina","37131","Northampton","2017","192","",
"37","North Carolina","37131","Northampton","2018","201","",
"37","North Carolina","37131","Northampton","2019","158","",
"37","North Carolina","37131","Northampton","2020","110","",
"37","North Carolina","37131","Northampton","2021","72","",
"37","North Carolina","37133","Onslow","2008","618","",
"37","North Carolina","37133","Onslow","2009","670","",
"37","North Carolina","37133","Onslow","2010","631","",
"37","North Carolina","37133","Onslow","2011","287","",
"37","North Carolina","37133","Onslow","2012","217","",
"37","North Carolina","37133","Onslow","2013","340","",
"37","North Carolina","37133","Onslow","2014","380","",
"37","North Carolina","37133","Onslow","2015","634","",
"37","North Carolina","37133","Onslow","2016","851","",
"37","North Carolina","37133","Onslow","2017","1,072","",
"37","North Carolina","37133","Onslow","2018","1,562","",
"37","North Carolina","37133","Onslow","2019","1,173","",
"37","North Carolina","37133","Onslow","2020","709","",
"37","North Carolina","37133","Onslow","2021","519","",
"37","North Carolina","37135","Orange","2008","337","",
"37","North Carolina","37135","Orange","2009","328","",
"37","North Carolina","37135","Orange","2010","332","",
"37","North Carolina","37135","Orange","2011","312","",
"37","North Carolina","37135","Orange","2012","300","",
"37","North Carolina","37135","Orange","2013","363","",
"37","North Carolina","37135","Orange","2014","212","",
"37","North Carolina","37135","Orange","2015","211","",
"37","North Carolina","37135","Orange","2016","361","",
"37","North Carolina","37135","Orange","2017","415","",
"37","North Carolina","37135","Orange","2018","930","",
"37","North Carolina","37135","Orange","2019","632","",
"37","North Carolina","37135","Orange","2020","431","",
"37","North Carolina","37135","Orange","2021","189","",
"37","North Carolina","37137","Pamlico","2008","62","",
"37","North Carolina","37137","Pamlico","2009","74","",
"37","North Carolina","37137","Pamlico","2010","91","",
"37","North Carolina","37137","Pamlico","2011","85","",
"37","North Carolina","37137","Pamlico","2012","71","",
"37","North Carolina","37137","Pamlico","2013","55","",
"37","North Carolina","37137","Pamlico","2014","45","",
"37","North Carolina","37137","Pamlico","2015","37","",
"37","North Carolina","37137","Pamlico","2016","25","",
"37","North Carolina","37137","Pamlico","2017","35","",
"37","North Carolina","37137","Pamlico","2018","29","",
"37","North Carolina","37137","Pamlico","2019","15","",
"37","North Carolina","37137","Pamlico","2020","15","",
"37","North Carolina","37137","Pamlico","2021","21","",
"37","North Carolina","37139","Pasquotank","2008","561","",
"37","North Carolina","37139","Pasquotank","2009","553","",
"37","North Carolina","37139","Pasquotank","2010","527","",
"37","North Carolina","37139","Pasquotank","2011","804","",
"37","North Carolina","37139","Pasquotank","2012","904","",
"37","North Carolina","37139","Pasquotank","2013","798","",
"37","North Carolina","37139","Pasquotank","2014","505","",
"37","North Carolina","37139","Pasquotank","2015","614","",
"37","North Carolina","37139","Pasquotank","2016","693","",
"37","North Carolina","37139","Pasquotank","2017","582","",
"37","North Carolina","37139","Pasquotank","2018","456","",
"37","North Carolina","37139","Pasquotank","2019","335","",
"37","North Carolina","37139","Pasquotank","2020","231","",
"37","North Carolina","37139","Pasquotank","2021","157","",
"37","North Carolina","37141","Pender","2008","128","",
"37","North Carolina","37141","Pender","2009","135","",
"37","North Carolina","37141","Pender","2010","177","",
"37","North Carolina","37141","Pender","2011","221","",
"37","North Carolina","37141","Pender","2012","280","",
"37","North Carolina","37141","Pender","2013","354","",
"37","North Carolina","37141","Pender","2014","357","",
"37","North Carolina","37141","Pender","2015","255","",
"37","North Carolina","37141","Pender","2016","571","",
"37","North Carolina","37141","Pender","2017","645","",
"37","North Carolina","37141","Pender","2018","271","",
"37","North Carolina","37141","Pender","2019","254","",
"37","North Carolina","37141","Pender","2020","185","",
"37","North Carolina","37141","Pender","2021","199","",
"37","North Carolina","37143","Perquimans","2008","108","",
"37","North Carolina","37143","Perquimans","2009","102","",
"37","North Carolina","37143","Perquimans","2010","71","",
"37","North Carolina","37143","Perquimans","2011","84","",
"37","North Carolina","37143","Perquimans","2012","129","",
"37","North Carolina","37143","Perquimans","2013","155","",
"37","North Carolina","37143","Perquimans","2014","99","",
"37","North Carolina","37143","Perquimans","2015","107","",
"37","North Carolina","37143","Perquimans","2016","127","",
"37","North Carolina","37143","Perquimans","2017","94","",
"37","North Carolina","37143","Perquimans","2018","82","",
"37","North Carolina","37143","Perquimans","2019","81","",
"37","North Carolina","37143","Perquimans","2020","53","",
"37","North Carolina","37143","Perquimans","2021","39","",
"37","North Carolina","37145","Person","2008","117","",
"37","North Carolina","37145","Person","2009","223","",
"37","North Carolina","37145","Person","2010","304","",
"37","North Carolina","37145","Person","2011","247","",
"37","North Carolina","37145","Person","2012","213","",
"37","North Carolina","37145","Person","2013","291","",
"37","North Carolina","37145","Person","2014","244","",
"37","North Carolina","37145","Person","2015","284","",
"37","North Carolina","37145","Person","2016","88","",
"37","North Carolina","37145","Person","2017","177","",
"37","North Carolina","37145","Person","2018","435","",
"37","North Carolina","37145","Person","2019","338","",
"37","North Carolina","37145","Person","2020","214","",
"37","North Carolina","37145","Person","2021","218","",
"37","North Carolina","37147","Pitt","2008","661","",
"37","North Carolina","37147","Pitt","2009","522","",
"37","North Carolina","37147","Pitt","2010","710","",
"37","North Carolina","37147","Pitt","2011","691","",
"37","North Carolina","37147","Pitt","2012","787","",
"37","North Carolina","37147","Pitt","2013","926","",
"37","North Carolina","37147","Pitt","2014","1,030","",
"37","North Carolina","37147","Pitt","2015","1,022","",
"37","North Carolina","37147","Pitt","2016","1,459","",
"37","North Carolina","37147","Pitt","2017","1,592","",
"37","North Carolina","37147","Pitt","2018","1,582","",
"37","North Carolina","37147","Pitt","2019","1,177","",
"37","North Carolina","37147","Pitt","2020","869","",
"37","North Carolina","37147","Pitt","2021","635","",
"37","North Carolina","37149","Polk","2008","25","",
"37","North Carolina","37149","Polk","2009","34","",
"37","North Carolina","37149","Polk","2010","35","",
"37","North Carolina","37149","Polk","2011","16","",
"37","North Carolina","37149","Polk","2012","17","",
"37","North Carolina","37149","Polk","2013","32","",
"37","North Carolina","37149","Polk","2014","19","",
"37","North Carolina","37149","Polk","2015","29","",
"37","North Carolina","37149","Polk","2016","50","",
"37","North Carolina","37149","Polk","2017","50","",
"37","North Carolina","37149","Polk","2018","54","",
"37","North Carolina","37149","Polk","2019","39","",
"37","North Carolina","37149","Polk","2020","27","",
"37","North Carolina","37149","Polk","2021","35","",
"37","North Carolina","37151","Randolph","2008","296","",
"37","North Carolina","37151","Randolph","2009","280","",
"37","North Carolina","37151","Randolph","2010","232","",
"37","North Carolina","37151","Randolph","2011","160","",
"37","North Carolina","37151","Randolph","2012","194","",
"37","North Carolina","37151","Randolph","2013","168","",
"37","North Carolina","37151","Randolph","2014","182","",
"37","North Carolina","37151","Randolph","2015","253","",
"37","North Carolina","37151","Randolph","2016","335","",
"37","North Carolina","37151","Randolph","2017","428","",
"37","North Carolina","37151","Randolph","2018","597","",
"37","North Carolina","37151","Randolph","2019","405","",
"37","North Carolina","37151","Randolph","2020","336","",
"37","North Carolina","37151","Randolph","2021","300","",
"37","North Carolina","37153","Richmond","2008","224","",
"37","North Carolina","37153","Richmond","2009","332","",
"37","North Carolina","37153","Richmond","2010","569","",
"37","North Carolina","37153","Richmond","2011","519","",
"37","North Carolina","37153","Richmond","2012","620","",
"37","North Carolina","37153","Richmond","2013","609","",
"37","North Carolina","37153","Richmond","2014","613","",
"37","North Carolina","37153","Richmond","2015","610","",
"37","North Carolina","37153","Richmond","2016","511","",
"37","North Carolina","37153","Richmond","2017","484","",
"37","North Carolina","37153","Richmond","2018","413","",
"37","North Carolina","37153","Richmond","2019","361","",
"37","North Carolina","37153","Richmond","2020","234","",
"37","North Carolina","37153","Richmond","2021","201","",
"37","North Carolina","37155","Robeson","2008","1,362","",
"37","North Carolina","37155","Robeson","2009","1,440","",
"37","North Carolina","37155","Robeson","2010","1,463","",
"37","North Carolina","37155","Robeson","2011","1,360","",
"37","North Carolina","37155","Robeson","2012","1,094","",
"37","North Carolina","37155","Robeson","2013","1,035","",
"37","North Carolina","37155","Robeson","2014","853","",
"37","North Carolina","37155","Robeson","2015","826","",
"37","North Carolina","37155","Robeson","2016","953","",
"37","North Carolina","37155","Robeson","2017","1,040","",
"37","North Carolina","37155","Robeson","2018","1,095","",
"37","North Carolina","37155","Robeson","2019","969","",
"37","North Carolina","37155","Robeson","2020","588","",
"37","North Carolina","37155","Robeson","2021","584","",
"37","North Carolina","37157","Rockingham","2008","505","",
"37","North Carolina","37157","Rockingham","2009","425","",
"37","North Carolina","37157","Rockingham","2010","393","",
"37","North Carolina","37157","Rockingham","2011","382","",
"37","North Carolina","37157","Rockingham","2012","486","",
"37","North Carolina","37157","Rockingham","2013","378","",
"37","North Carolina","37157","Rockingham","2014","422","",
"37","North Carolina","37157","Rockingham","2015","361","",
"37","North Carolina","37157","Rockingham","2016","743","",
"37","North Carolina","37157","Rockingham","2017","1,073","",
"37","North Carolina","37157","Rockingham","2018","1,669","",
"37","North Carolina","37157","Rockingham","2019","1,051","",
"37","North Carolina","37157","Rockingham","2020","749","",
"37","North Carolina","37157","Rockingham","2021","556","",
"37","North Carolina","37159","Rowan","2008","712","",
"37","North Carolina","37159","Rowan","2009","876","",
"37","North Carolina","37159","Rowan","2010","835","",
"37","North Carolina","37159","Rowan","2011","730","",
"37","North Carolina","37159","Rowan","2012","1,005","",
"37","North Carolina","37159","Rowan","2013","818","",
"37","North Carolina","37159","Rowan","2014","715","",
"37","North Carolina","37159","Rowan","2015","584","",
"37","North Carolina","37159","Rowan","2016","570","",
"37","North Carolina","37159","Rowan","2017","645","",
"37","North Carolina","37159","Rowan","2018","717","",
"37","North Carolina","37159","Rowan","2019","431","",
"37","North Carolina","37159","Rowan","2020","330","",
"37","North Carolina","37159","Rowan","2021","285","",
"37","North Carolina","37161","Rutherford","2008","468","",
"37","North Carolina","37161","Rutherford","2009","535","",
"37","North Carolina","37161","Rutherford","2010","587","",
"37","North Carolina","37161","Rutherford","2011","649","",
"37","North Carolina","37161","Rutherford","2012","264","",
"37","North Carolina","37161","Rutherford","2013","497","",
"37","North Carolina","37161","Rutherford","2014","523","",
"37","North Carolina","37161","Rutherford","2015","481","",
"37","North Carolina","37161","Rutherford","2016","472","",
"37","North Carolina","37161","Rutherford","2017","572","",
"37","North Carolina","37161","Rutherford","2018","525","",
"37","North Carolina","37161","Rutherford","2019","503","",
"37","North Carolina","37161","Rutherford","2020","403","",
"37","North Carolina","37161","Rutherford","2021","318","",
"37","North Carolina","37163","Sampson","2008","296","",
"37","North Carolina","37163","Sampson","2009","190","",
"37","North Carolina","37163","Sampson","2010","162","",
"37","North Carolina","37163","Sampson","2011","155","",
"37","North Carolina","37163","Sampson","2012","170","",
"37","North Carolina","37163","Sampson","2013","221","",
"37","North Carolina","37163","Sampson","2014","203","",
"37","North Carolina","37163","Sampson","2015","179","",
"37","North Carolina","37163","Sampson","2016","208","",
"37","North Carolina","37163","Sampson","2017","387","",
"37","North Carolina","37163","Sampson","2018","415","",
"37","North Carolina","37163","Sampson","2019","390","",
"37","North Carolina","37163","Sampson","2020","343","",
"37","North Carolina","37163","Sampson","2021","360","",
"37","North Carolina","37165","Scotland","2008","197","",
"37","North Carolina","37165","Scotland","2009","141","",
"37","North Carolina","37165","Scotland","2010","220","",
"37","North Carolina","37165","Scotland","2011","172","",
"37","North Carolina","37165","Scotland","2012","150","",
"37","North Carolina","37165","Scotland","2013","233","",
"37","North Carolina","37165","Scotland","2014","226","",
"37","North Carolina","37165","Scotland","2015","198","",
"37","North Carolina","37165","Scotland","2016","203","",
"37","North Carolina","37165","Scotland","2017","261","",
"37","North Carolina","37165","Scotland","2018","323","",
"37","North Carolina","37165","Scotland","2019","262","",
"37","North Carolina","37165","Scotland","2020","198","",
"37","North Carolina","37165","Scotland","2021","193","",
"37","North Carolina","37167","Stanly","2008","365","",
"37","North Carolina","37167","Stanly","2009","296","",
"37","North Carolina","37167","Stanly","2010","266","",
"37","North Carolina","37167","Stanly","2011","394","",
"37","North Carolina","37167","Stanly","2012","316","",
"37","North Carolina","37167","Stanly","2013","155","",
"37","North Carolina","37167","Stanly","2014","221","",
"37","North Carolina","37167","Stanly","2015","386","",
"37","North Carolina","37167","Stanly","2016","231","",
"37","North Carolina","37167","Stanly","2017","331","",
"37","North Carolina","37167","Stanly","2018","372","",
"37","North Carolina","37167","Stanly","2019","183","",
"37","North Carolina","37167","Stanly","2020","143","",
"37","North Carolina","37167","Stanly","2021","128","",
"37","North Carolina","37169","Stokes","2008","132","",
"37","North Carolina","37169","Stokes","2009","153","",
"37","North Carolina","37169","Stokes","2010","121","",
"37","North Carolina","37169","Stokes","2011","94","",
"37","North Carolina","37169","Stokes","2012","124","",
"37","North Carolina","37169","Stokes","2013","178","",
"37","North Carolina","37169","Stokes","2014","122","",
"37","North Carolina","37169","Stokes","2015","95","",
"37","North Carolina","37169","Stokes","2016","86","",
"37","North Carolina","37169","Stokes","2017","81","",
"37","North Carolina","37169","Stokes","2018","78","",
"37","North Carolina","37169","Stokes","2019","66","",
"37","North Carolina","37169","Stokes","2020","51","",
"37","North Carolina","37169","Stokes","2021","47","",
"37","North Carolina","37171","Surry","2008","86","",
"37","North Carolina","37171","Surry","2009","66","",
"37","North Carolina","37171","Surry","2010","66","",
"37","North Carolina","37171","Surry","2011","70","",
"37","North Carolina","37171","Surry","2012","95","",
"37","North Carolina","37171","Surry","2013","126","",
"37","North Carolina","37171","Surry","2014","121","",
"37","North Carolina","37171","Surry","2015","266","",
"37","North Carolina","37171","Surry","2016","402","",
"37","North Carolina","37171","Surry","2017","284","",
"37","North Carolina","37171","Surry","2018","183","",
"37","North Carolina","37171","Surry","2019","160","",
"37","North Carolina","37171","Surry","2020","111","",
"37","North Carolina","37171","Surry","2021","115","",
"37","North Carolina","37173","Swain","2008","102","",
"37","North Carolina","37173","Swain","2009","106","",
"37","North Carolina","37173","Swain","2010","95","",
"37","North Carolina","37173","Swain","2011","58","",
"37","North Carolina","37173","Swain","2012","10","",
"37","North Carolina","37173","Swain","2013","29","",
"37","North Carolina","37173","Swain","2014","31","",
"37","North Carolina","37173","Swain","2015","36","",
"37","North Carolina","37173","Swain","2016","31","",
"37","North Carolina","37173","Swain","2017","47","",
"37","North Carolina","37173","Swain","2018","140","",
"37","North Carolina","37173","Swain","2019","225","",
"37","North Carolina","37173","Swain","2020","158","",
"37","North Carolina","37173","Swain","2021","133","",
"37","North Carolina","37175","Transylvania","2008","40","",
"37","North Carolina","37175","Transylvania","2009","55","",
"37","North Carolina","37175","Transylvania","2010","36","",
"37","North Carolina","37175","Transylvania","2011","27","",
"37","North Carolina","37175","Transylvania","2012","33","",
"37","North Carolina","37175","Transylvania","2013","44","",
"37","North Carolina","37175","Transylvania","2014","134","",
"37","North Carolina","37175","Transylvania","2015","75","",
"37","North Carolina","37175","Transylvania","2016","129","",
"37","North Carolina","37175","Transylvania","2017","137","",
"37","North Carolina","37175","Transylvania","2018","333","",
"37","North Carolina","37175","Transylvania","2019","187","",
"37","North Carolina","37175","Transylvania","2020","195","",
"37","North Carolina","37175","Transylvania","2021","204","",
"37","North Carolina","37177","Tyrrell","2008","29","",
"37","North Carolina","37177","Tyrrell","2009","11","",
"37","North Carolina","37177","Tyrrell","2010","12","",
"37","North Carolina","37177","Tyrrell","2011","18","",
"37","North Carolina","37177","Tyrrell","2012","14","",
"37","North Carolina","37177","Tyrrell","2013","25","",
"37","North Carolina","37177","Tyrrell","2014","12","",
"37","North Carolina","37177","Tyrrell","2015","23","",
"37","North Carolina","37177","Tyrrell","2016","23","",
"37","North Carolina","37177","Tyrrell","2017","26","",
"37","North Carolina","37177","Tyrrell","2018","18","",
"37","North Carolina","37177","Tyrrell","2019","25","",
"37","North Carolina","37177","Tyrrell","2020","9","",
"37","North Carolina","37177","Tyrrell","2021","13","",
"37","North Carolina","37179","Union","2008","579","",
"37","North Carolina","37179","Union","2009","516","",
"37","North Carolina","37179","Union","2010","530","",
"37","North Carolina","37179","Union","2011","604","",
"37","North Carolina","37179","Union","2012","599","",
"37","North Carolina","37179","Union","2013","319","",
"37","North Carolina","37179","Union","2014","674","",
"37","North Carolina","37179","Union","2015","555","",
"37","North Carolina","37179","Union","2016","463","",
"37","North Carolina","37179","Union","2017","728","",
"37","North Carolina","37179","Union","2018","845","",
"37","North Carolina","37179","Union","2019","517","",
"37","North Carolina","37179","Union","2020","356","",
"37","North Carolina","37179","Union","2021","270","",
"37","North Carolina","37181","Vance","2008","87","",
"37","North Carolina","37181","Vance","2009","86","",
"37","North Carolina","37181","Vance","2010","90","",
"37","North Carolina","37181","Vance","2011","101","",
"37","North Carolina","37181","Vance","2012","111","",
"37","North Carolina","37181","Vance","2013","143","",
"37","North Carolina","37181","Vance","2014","147","",
"37","North Carolina","37181","Vance","2015","167","",
"37","North Carolina","37181","Vance","2016","389","",
"37","North Carolina","37181","Vance","2017","372","",
"37","North Carolina","37181","Vance","2018","449","",
"37","North Carolina","37181","Vance","2019","411","",
"37","North Carolina","37181","Vance","2020","235","",
"37","North Carolina","37181","Vance","2021","231","",
"37","North Carolina","37183","Wake","2008","4,595","",
"37","North Carolina","37183","Wake","2009","5,351","",
"37","North Carolina","37183","Wake","2010","2,847","",
"37","North Carolina","37183","Wake","2011","3,452","",
"37","North Carolina","37183","Wake","2012","3,920","",
"37","North Carolina","37183","Wake","2013","4,037","",
"37","North Carolina","37183","Wake","2014","4,153","",
"37","North Carolina","37183","Wake","2015","3,014","",
"37","North Carolina","37183","Wake","2016","4,010","",
"37","North Carolina","37183","Wake","2017","3,944","",
"37","North Carolina","37183","Wake","2018","4,705","",
"37","North Carolina","37183","Wake","2019","4,137","",
"37","North Carolina","37183","Wake","2020","2,789","",
"37","North Carolina","37183","Wake","2021","2,352","",
"37","North Carolina","37185","Warren","2008","33","",
"37","North Carolina","37185","Warren","2009","30","",
"37","North Carolina","37185","Warren","2010","34","",
"37","North Carolina","37185","Warren","2011","36","",
"37","North Carolina","37185","Warren","2012","24","",
"37","North Carolina","37185","Warren","2013","46","",
"37","North Carolina","37185","Warren","2014","51","",
"37","North Carolina","37185","Warren","2015","64","",
"37","North Carolina","37185","Warren","2016","90","",
"37","North Carolina","37185","Warren","2017","95","",
"37","North Carolina","37185","Warren","2018","97","",
"37","North Carolina","37185","Warren","2019","82","",
"37","North Carolina","37185","Warren","2020","57","",
"37","North Carolina","37185","Warren","2021","49","",
"37","North Carolina","37187","Washington","2008","17","",
"37","North Carolina","37187","Washington","2009","13","",
"37","North Carolina","37187","Washington","2010","31","",
"37","North Carolina","37187","Washington","2011","41","",
"37","North Carolina","37187","Washington","2012","37","",
"37","North Carolina","37187","Washington","2013","53","",
"37","North Carolina","37187","Washington","2014","57","",
"37","North Carolina","37187","Washington","2015","40","",
"37","North Carolina","37187","Washington","2016","51","",
"37","North Carolina","37187","Washington","2017","98","",
"37","North Carolina","37187","Washington","2018","117","",
"37","North Carolina","37187","Washington","2019","77","",
"37","North Carolina","37187","Washington","2020","53","",
"37","North Carolina","37187","Washington","2021","24","",
"37","North Carolina","37189","Watauga","2008","88","",
"37","North Carolina","37189","Watauga","2009","94","",
"37","North Carolina","37189","Watauga","2010","78","",
"37","North Carolina","37189","Watauga","2011","94","",
"37","North Carolina","37189","Watauga","2012","109","",
"37","North Carolina","37189","Watauga","2013","107","",
"37","North Carolina","37189","Watauga","2014","80","",
"37","North Carolina","37189","Watauga","2015","83","",
"37","North Carolina","37189","Watauga","2016","115","",
"37","North Carolina","37189","Watauga","2017","224","",
"37","North Carolina","37189","Watauga","2018","302","",
"37","North Carolina","37189","Watauga","2019","240","",
"37","North Carolina","37189","Watauga","2020","211","",
"37","North Carolina","37189","Watauga","2021","218","",
"37","North Carolina","37191","Wayne","2008","412","",
"37","North Carolina","37191","Wayne","2009","317","",
"37","North Carolina","37191","Wayne","2010","191","",
"37","North Carolina","37191","Wayne","2011","195","",
"37","North Carolina","37191","Wayne","2012","987","",
"37","North Carolina","37191","Wayne","2013","1,178","",
"37","North Carolina","37191","Wayne","2014","1,160","",
"37","North Carolina","37191","Wayne","2015","1,432","",
"37","North Carolina","37191","Wayne","2016","875","",
"37","North Carolina","37191","Wayne","2017","782","",
"37","North Carolina","37191","Wayne","2018","829","",
"37","North Carolina","37191","Wayne","2019","1,119","",
"37","North Carolina","37191","Wayne","2020","962","",
"37","North Carolina","37191","Wayne","2021","527","",
"37","North Carolina","37193","Wilkes","2008","303","",
"37","North Carolina","37193","Wilkes","2009","224","",
"37","North Carolina","37193","Wilkes","2010","248","",
"37","North Carolina","37193","Wilkes","2011","272","",
"37","North Carolina","37193","Wilkes","2012","310","",
"37","North Carolina","37193","Wilkes","2013","301","",
"37","North Carolina","37193","Wilkes","2014","320","",
"37","North Carolina","37193","Wilkes","2015","317","",
"37","North Carolina","37193","Wilkes","2016","809","",
"37","North Carolina","37193","Wilkes","2017","670","",
"37","North Carolina","37193","Wilkes","2018","208","",
"37","North Carolina","37193","Wilkes","2019","212","",
"37","North Carolina","37193","Wilkes","2020","137","",
"37","North Carolina","37193","Wilkes","2021","108","",
"37","North Carolina","37195","Wilson","2008","847","",
"37","North Carolina","37195","Wilson","2009","1,010","",
"37","North Carolina","37195","Wilson","2010","927","",
"37","North Carolina","37195","Wilson","2011","814","",
"37","North Carolina","37195","Wilson","2012","654","",
"37","North Carolina","37195","Wilson","2013","966","",
"37","North Carolina","37195","Wilson","2014","732","",
"37","North Carolina","37195","Wilson","2015","772","",
"37","North Carolina","37195","Wilson","2016","609","",
"37","North Carolina","37195","Wilson","2017","626","",
"37","North Carolina","37195","Wilson","2018","666","",
"37","North Carolina","37195","Wilson","2019","680","",
"37","North Carolina","37195","Wilson","2020","533","",
"37","North Carolina","37195","Wilson","2021","490","",
"37","North Carolina","37197","Yadkin","2008","96","",
"37","North Carolina","37197","Yadkin","2009","66","",
"37","North Carolina","37197","Yadkin","2010","66","",
"37","North Carolina","37197","Yadkin","2011","66","",
"37","North Carolina","37197","Yadkin","2012","88","",
"37","North Carolina","37197","Yadkin","2013","64","",
"37","North Carolina","37197","Yadkin","2014","81","",
"37","North Carolina","37197","Yadkin","2015","97","",
"37","North Carolina","37197","Yadkin","2016","89","",
"37","North Carolina","37197","Yadkin","2017","77","",
"37","North Carolina","37197","Yadkin","2018","75","",
"37","North Carolina","37197","Yadkin","2019","80","",
"37","North Carolina","37197","Yadkin","2020","37","",
"37","North Carolina","37197","Yadkin","2021","51","",
"37","North Carolina","37199","Yancey","2008","46","",
"37","North Carolina","37199","Yancey","2009","63","",
"37","North Carolina","37199","Yancey","2010","43","",
"37","North Carolina","37199","Yancey","2011","45","",
"37","North Carolina","37199","Yancey","2012","56","",
"37","North Carolina","37199","Yancey","2013","37","",
"37","North Carolina","37199","Yancey","2014","67","",
"37","North Carolina","37199","Yancey","2015","54","",
"37","North Carolina","37199","Yancey","2016","45","",
"37","North Carolina","37199","Yancey","2017","84","",
"37","North Carolina","37199","Yancey","2018","155","",
"37","North Carolina","37199","Yancey","2019","90","",
"37","North Carolina","37199","Yancey","2020","94","",
"37","North Carolina","37199","Yancey","2021","123","",
