"","County","Year","Count_ExHeat_Days"
"1","Alamance",2008,39
"2","Alamance",2009,30
"3","Alamance",2010,65
"4","Alamance",2011,86
"5","Alamance",2012,59
"6","Alamance",2013,12
"7","Alamance",2014,37
"8","Alamance",2015,50
"9","Alamance",2016,45
"10","Alamance",2017,28
"11","Alamance",2018,41
"12","Alamance",2019,31
"13","Alamance",2020,29
"14","Alamance",2021,27
"15","Alexander",2008,32
"16","Alexander",2009,12
"17","Alexander",2010,32
"18","Alexander",2011,51
"19","Alexander",2012,34
"20","Alexander",2013,3
"21","Alexander",2014,6
"22","Alexander",2015,40
"23","Alexander",2016,29
"24","Alexander",2017,10
"25","Alexander",2018,13
"26","Alexander",2019,15
"27","Alexander",2020,7
"28","Alexander",2021,14
"29","Alleghany",2008,0
"30","Alleghany",2009,0
"31","Alleghany",2010,0
"32","Alleghany",2011,0
"33","Alleghany",2012,2
"34","Alleghany",2013,0
"35","Alleghany",2014,0
"36","Alleghany",2015,0
"37","Alleghany",2016,0
"38","Alleghany",2017,0
"39","Alleghany",2018,0
"40","Alleghany",2019,0
"41","Alleghany",2020,0
"42","Alleghany",2021,0
"43","Anson",2008,57
"44","Anson",2009,93
"45","Anson",2010,93
"46","Anson",2011,99
"47","Anson",2012,67
"48","Anson",2013,17
"49","Anson",2014,56
"50","Anson",2015,72
"51","Anson",2016,77
"52","Anson",2017,45
"53","Anson",2018,73
"54","Anson",2019,77
"55","Anson",2020,43
"56","Anson",2021,54
"57","Ashe",2008,0
"58","Ashe",2009,0
"59","Ashe",2010,0
"60","Ashe",2011,0
"61","Ashe",2012,0
"62","Ashe",2013,0
"63","Ashe",2014,0
"64","Ashe",2015,0
"65","Ashe",2016,0
"66","Ashe",2017,0
"67","Ashe",2018,0
"68","Ashe",2019,0
"69","Ashe",2020,0
"70","Ashe",2021,0
"71","Avery",2008,0
"72","Avery",2009,0
"73","Avery",2010,0
"74","Avery",2011,0
"75","Avery",2012,0
"76","Avery",2013,0
"77","Avery",2014,0
"78","Avery",2015,0
"79","Avery",2016,0
"80","Avery",2017,0
"81","Avery",2018,0
"82","Avery",2019,0
"83","Avery",2020,0
"84","Avery",2021,0
"85","Beaufort",2008,37
"86","Beaufort",2009,65
"87","Beaufort",2010,72
"88","Beaufort",2011,71
"89","Beaufort",2012,43
"90","Beaufort",2013,17
"91","Beaufort",2014,41
"92","Beaufort",2015,35
"93","Beaufort",2016,35
"94","Beaufort",2017,17
"95","Beaufort",2018,19
"96","Beaufort",2019,49
"97","Beaufort",2020,28
"98","Beaufort",2021,18
"99","Bertie",2008,43
"100","Bertie",2009,50
"101","Bertie",2010,70
"102","Bertie",2011,72
"103","Bertie",2012,44
"104","Bertie",2013,22
"105","Bertie",2014,46
"106","Bertie",2015,42
"107","Bertie",2016,38
"108","Bertie",2017,18
"109","Bertie",2018,25
"110","Bertie",2019,54
"111","Bertie",2020,33
"112","Bertie",2021,27
"113","Bladen",2008,35
"114","Bladen",2009,86
"115","Bladen",2010,91
"116","Bladen",2011,80
"117","Bladen",2012,52
"118","Bladen",2013,10
"119","Bladen",2014,55
"120","Bladen",2015,45
"121","Bladen",2016,53
"122","Bladen",2017,26
"123","Bladen",2018,39
"124","Bladen",2019,57
"125","Bladen",2020,32
"126","Bladen",2021,33
"127","Brunswick",2008,8
"128","Brunswick",2009,42
"129","Brunswick",2010,29
"130","Brunswick",2011,39
"131","Brunswick",2012,23
"132","Brunswick",2013,0
"133","Brunswick",2014,5
"134","Brunswick",2015,13
"135","Brunswick",2016,19
"136","Brunswick",2017,1
"137","Brunswick",2018,4
"138","Brunswick",2019,17
"139","Brunswick",2020,2
"140","Brunswick",2021,2
"141","Buncombe",2008,0
"142","Buncombe",2009,0
"143","Buncombe",2010,0
"144","Buncombe",2011,0
"145","Buncombe",2012,1
"146","Buncombe",2013,0
"147","Buncombe",2014,0
"148","Buncombe",2015,0
"149","Buncombe",2016,0
"150","Buncombe",2017,0
"151","Buncombe",2018,0
"152","Buncombe",2019,0
"153","Buncombe",2020,0
"154","Buncombe",2021,0
"155","Burke",2008,28
"156","Burke",2009,11
"157","Burke",2010,25
"158","Burke",2011,43
"159","Burke",2012,24
"160","Burke",2013,0
"161","Burke",2014,2
"162","Burke",2015,28
"163","Burke",2016,22
"164","Burke",2017,6
"165","Burke",2018,5
"166","Burke",2019,5
"167","Burke",2020,5
"168","Burke",2021,5
"169","Cabarrus",2008,46
"170","Cabarrus",2009,69
"171","Cabarrus",2010,76
"172","Cabarrus",2011,92
"173","Cabarrus",2012,60
"174","Cabarrus",2013,10
"175","Cabarrus",2014,34
"176","Cabarrus",2015,67
"177","Cabarrus",2016,68
"178","Cabarrus",2017,32
"179","Cabarrus",2018,58
"180","Cabarrus",2019,54
"181","Cabarrus",2020,29
"182","Cabarrus",2021,37
"183","Caldwell",2008,25
"184","Caldwell",2009,6
"185","Caldwell",2010,18
"186","Caldwell",2011,37
"187","Caldwell",2012,21
"188","Caldwell",2013,0
"189","Caldwell",2014,2
"190","Caldwell",2015,22
"191","Caldwell",2016,12
"192","Caldwell",2017,4
"193","Caldwell",2018,3
"194","Caldwell",2019,4
"195","Caldwell",2020,4
"196","Caldwell",2021,4
"197","Camden",2008,19
"198","Camden",2009,17
"199","Camden",2010,30
"200","Camden",2011,29
"201","Camden",2012,23
"202","Camden",2013,5
"203","Camden",2014,16
"204","Camden",2015,13
"205","Camden",2016,17
"206","Camden",2017,5
"207","Camden",2018,2
"208","Camden",2019,9
"209","Camden",2020,9
"210","Camden",2021,3
"211","Carteret",2008,0
"212","Carteret",2009,0
"213","Carteret",2010,0
"214","Carteret",2011,0
"215","Carteret",2012,0
"216","Carteret",2013,0
"217","Carteret",2014,0
"218","Carteret",2015,1
"219","Carteret",2016,0
"220","Carteret",2017,0
"221","Carteret",2018,0
"222","Carteret",2019,0
"223","Carteret",2020,0
"224","Carteret",2021,0
"225","Caswell",2008,43
"226","Caswell",2009,24
"227","Caswell",2010,63
"228","Caswell",2011,84
"229","Caswell",2012,59
"230","Caswell",2013,19
"231","Caswell",2014,47
"232","Caswell",2015,46
"233","Caswell",2016,45
"234","Caswell",2017,24
"235","Caswell",2018,39
"236","Caswell",2019,36
"237","Caswell",2020,30
"238","Caswell",2021,34
"239","Catawba",2008,42
"240","Catawba",2009,25
"241","Catawba",2010,46
"242","Catawba",2011,64
"243","Catawba",2012,46
"244","Catawba",2013,5
"245","Catawba",2014,11
"246","Catawba",2015,46
"247","Catawba",2016,44
"248","Catawba",2017,16
"249","Catawba",2018,30
"250","Catawba",2019,27
"251","Catawba",2020,14
"252","Catawba",2021,20
"253","Chatham",2008,43
"254","Chatham",2009,59
"255","Chatham",2010,81
"256","Chatham",2011,90
"257","Chatham",2012,60
"258","Chatham",2013,17
"259","Chatham",2014,53
"260","Chatham",2015,57
"261","Chatham",2016,52
"262","Chatham",2017,39
"263","Chatham",2018,52
"264","Chatham",2019,49
"265","Chatham",2020,35
"266","Chatham",2021,36
"267","Cherokee",2008,0
"268","Cherokee",2009,3
"269","Cherokee",2010,0
"270","Cherokee",2011,2
"271","Cherokee",2012,2
"272","Cherokee",2013,0
"273","Cherokee",2014,0
"274","Cherokee",2015,0
"275","Cherokee",2016,0
"276","Cherokee",2017,0
"277","Cherokee",2018,0
"278","Cherokee",2019,0
"279","Cherokee",2020,0
"280","Cherokee",2021,0
"281","Chowan",2008,45
"282","Chowan",2009,44
"283","Chowan",2010,65
"284","Chowan",2011,69
"285","Chowan",2012,42
"286","Chowan",2013,19
"287","Chowan",2014,42
"288","Chowan",2015,40
"289","Chowan",2016,37
"290","Chowan",2017,18
"291","Chowan",2018,22
"292","Chowan",2019,48
"293","Chowan",2020,31
"294","Chowan",2021,23
"295","Clay",2008,0
"296","Clay",2009,2
"297","Clay",2010,0
"298","Clay",2011,0
"299","Clay",2012,1
"300","Clay",2013,0
"301","Clay",2014,0
"302","Clay",2015,0
"303","Clay",2016,0
"304","Clay",2017,0
"305","Clay",2018,0
"306","Clay",2019,0
"307","Clay",2020,0
"308","Clay",2021,0
"309","Cleveland",2008,52
"310","Cleveland",2009,49
"311","Cleveland",2010,63
"312","Cleveland",2011,81
"313","Cleveland",2012,49
"314","Cleveland",2013,5
"315","Cleveland",2014,18
"316","Cleveland",2015,57
"317","Cleveland",2016,53
"318","Cleveland",2017,23
"319","Cleveland",2018,35
"320","Cleveland",2019,41
"321","Cleveland",2020,22
"322","Cleveland",2021,25
"323","Columbus",2008,32
"324","Columbus",2009,84
"325","Columbus",2010,87
"326","Columbus",2011,80
"327","Columbus",2012,47
"328","Columbus",2013,10
"329","Columbus",2014,52
"330","Columbus",2015,44
"331","Columbus",2016,47
"332","Columbus",2017,26
"333","Columbus",2018,35
"334","Columbus",2019,53
"335","Columbus",2020,26
"336","Columbus",2021,27
"337","Craven",2008,27
"338","Craven",2009,52
"339","Craven",2010,55
"340","Craven",2011,51
"341","Craven",2012,28
"342","Craven",2013,7
"343","Craven",2014,27
"344","Craven",2015,26
"345","Craven",2016,27
"346","Craven",2017,12
"347","Craven",2018,11
"348","Craven",2019,37
"349","Craven",2020,18
"350","Craven",2021,10
"351","Cumberland",2008,37
"352","Cumberland",2009,89
"353","Cumberland",2010,91
"354","Cumberland",2011,86
"355","Cumberland",2012,58
"356","Cumberland",2013,12
"357","Cumberland",2014,61
"358","Cumberland",2015,59
"359","Cumberland",2016,61
"360","Cumberland",2017,36
"361","Cumberland",2018,52
"362","Cumberland",2019,66
"363","Cumberland",2020,40
"364","Cumberland",2021,43
"365","Currituck",2008,7
"366","Currituck",2009,4
"367","Currituck",2010,12
"368","Currituck",2011,15
"369","Currituck",2012,12
"370","Currituck",2013,1
"371","Currituck",2014,7
"372","Currituck",2015,3
"373","Currituck",2016,4
"374","Currituck",2017,0
"375","Currituck",2018,1
"376","Currituck",2019,3
"377","Currituck",2020,2
"378","Currituck",2021,1
"379","Dare",2008,0
"380","Dare",2009,0
"381","Dare",2010,0
"382","Dare",2011,0
"383","Dare",2012,0
"384","Dare",2013,0
"385","Dare",2014,0
"386","Dare",2015,0
"387","Dare",2016,0
"388","Dare",2017,0
"389","Dare",2018,0
"390","Dare",2019,0
"391","Dare",2020,0
"392","Dare",2021,0
"393","Davidson",2008,45
"394","Davidson",2009,34
"395","Davidson",2010,59
"396","Davidson",2011,83
"397","Davidson",2012,59
"398","Davidson",2013,9
"399","Davidson",2014,28
"400","Davidson",2015,59
"401","Davidson",2016,55
"402","Davidson",2017,26
"403","Davidson",2018,44
"404","Davidson",2019,38
"405","Davidson",2020,27
"406","Davidson",2021,26
"407","Davie",2008,45
"408","Davie",2009,27
"409","Davie",2010,56
"410","Davie",2011,80
"411","Davie",2012,56
"412","Davie",2013,8
"413","Davie",2014,25
"414","Davie",2015,60
"415","Davie",2016,56
"416","Davie",2017,24
"417","Davie",2018,41
"418","Davie",2019,40
"419","Davie",2020,24
"420","Davie",2021,26
"421","Duplin",2008,36
"422","Duplin",2009,80
"423","Duplin",2010,83
"424","Duplin",2011,72
"425","Duplin",2012,47
"426","Duplin",2013,8
"427","Duplin",2014,43
"428","Duplin",2015,38
"429","Duplin",2016,47
"430","Duplin",2017,20
"431","Duplin",2018,21
"432","Duplin",2019,57
"433","Duplin",2020,33
"434","Duplin",2021,28
"435","Durham",2008,43
"436","Durham",2009,51
"437","Durham",2010,81
"438","Durham",2011,88
"439","Durham",2012,59
"440","Durham",2013,23
"441","Durham",2014,56
"442","Durham",2015,61
"443","Durham",2016,54
"444","Durham",2017,40
"445","Durham",2018,54
"446","Durham",2019,52
"447","Durham",2020,36
"448","Durham",2021,37
"449","Edgecombe",2008,46
"450","Edgecombe",2009,56
"451","Edgecombe",2010,80
"452","Edgecombe",2011,73
"453","Edgecombe",2012,51
"454","Edgecombe",2013,25
"455","Edgecombe",2014,55
"456","Edgecombe",2015,49
"457","Edgecombe",2016,46
"458","Edgecombe",2017,26
"459","Edgecombe",2018,35
"460","Edgecombe",2019,62
"461","Edgecombe",2020,36
"462","Edgecombe",2021,34
"463","Forsyth",2008,37
"464","Forsyth",2009,19
"465","Forsyth",2010,49
"466","Forsyth",2011,71
"467","Forsyth",2012,56
"468","Forsyth",2013,9
"469","Forsyth",2014,26
"470","Forsyth",2015,53
"471","Forsyth",2016,44
"472","Forsyth",2017,19
"473","Forsyth",2018,35
"474","Forsyth",2019,28
"475","Forsyth",2020,22
"476","Forsyth",2021,21
"477","Franklin",2008,44
"478","Franklin",2009,43
"479","Franklin",2010,80
"480","Franklin",2011,83
"481","Franklin",2012,56
"482","Franklin",2013,23
"483","Franklin",2014,50
"484","Franklin",2015,55
"485","Franklin",2016,50
"486","Franklin",2017,36
"487","Franklin",2018,47
"488","Franklin",2019,51
"489","Franklin",2020,33
"490","Franklin",2021,32
"491","Gaston",2008,56
"492","Gaston",2009,61
"493","Gaston",2010,77
"494","Gaston",2011,86
"495","Gaston",2012,56
"496","Gaston",2013,8
"497","Gaston",2014,25
"498","Gaston",2015,67
"499","Gaston",2016,69
"500","Gaston",2017,31
"501","Gaston",2018,50
"502","Gaston",2019,55
"503","Gaston",2020,31
"504","Gaston",2021,33
"505","Gates",2008,48
"506","Gates",2009,38
"507","Gates",2010,63
"508","Gates",2011,65
"509","Gates",2012,47
"510","Gates",2013,27
"511","Gates",2014,46
"512","Gates",2015,43
"513","Gates",2016,41
"514","Gates",2017,23
"515","Gates",2018,27
"516","Gates",2019,51
"517","Gates",2020,32
"518","Gates",2021,28
"519","Graham",2008,0
"520","Graham",2009,0
"521","Graham",2010,0
"522","Graham",2011,0
"523","Graham",2012,0
"524","Graham",2013,0
"525","Graham",2014,0
"526","Graham",2015,0
"527","Graham",2016,0
"528","Graham",2017,0
"529","Graham",2018,0
"530","Graham",2019,0
"531","Graham",2020,0
"532","Graham",2021,0
"533","Granville",2008,43
"534","Granville",2009,34
"535","Granville",2010,75
"536","Granville",2011,83
"537","Granville",2012,61
"538","Granville",2013,21
"539","Granville",2014,51
"540","Granville",2015,46
"541","Granville",2016,50
"542","Granville",2017,36
"543","Granville",2018,48
"544","Granville",2019,45
"545","Granville",2020,36
"546","Granville",2021,31
"547","Greene",2008,45
"548","Greene",2009,80
"549","Greene",2010,80
"550","Greene",2011,77
"551","Greene",2012,48
"552","Greene",2013,19
"553","Greene",2014,48
"554","Greene",2015,39
"555","Greene",2016,45
"556","Greene",2017,22
"557","Greene",2018,31
"558","Greene",2019,58
"559","Greene",2020,32
"560","Greene",2021,25
"561","Guilford",2008,39
"562","Guilford",2009,24
"563","Guilford",2010,54
"564","Guilford",2011,78
"565","Guilford",2012,57
"566","Guilford",2013,9
"567","Guilford",2014,28
"568","Guilford",2015,54
"569","Guilford",2016,44
"570","Guilford",2017,22
"571","Guilford",2018,41
"572","Guilford",2019,32
"573","Guilford",2020,24
"574","Guilford",2021,24
"575","Halifax",2008,39
"576","Halifax",2009,42
"577","Halifax",2010,83
"578","Halifax",2011,73
"579","Halifax",2012,58
"580","Halifax",2013,29
"581","Halifax",2014,52
"582","Halifax",2015,43
"583","Halifax",2016,41
"584","Halifax",2017,28
"585","Halifax",2018,40
"586","Halifax",2019,62
"587","Halifax",2020,36
"588","Halifax",2021,35
"589","Harnett",2008,41
"590","Harnett",2009,80
"591","Harnett",2010,89
"592","Harnett",2011,87
"593","Harnett",2012,61
"594","Harnett",2013,15
"595","Harnett",2014,59
"596","Harnett",2015,52
"597","Harnett",2016,53
"598","Harnett",2017,36
"599","Harnett",2018,51
"600","Harnett",2019,59
"601","Harnett",2020,39
"602","Harnett",2021,43
"603","Haywood",2008,0
"604","Haywood",2009,0
"605","Haywood",2010,0
"606","Haywood",2011,0
"607","Haywood",2012,0
"608","Haywood",2013,0
"609","Haywood",2014,0
"610","Haywood",2015,0
"611","Haywood",2016,0
"612","Haywood",2017,0
"613","Haywood",2018,0
"614","Haywood",2019,0
"615","Haywood",2020,0
"616","Haywood",2021,0
"617","Henderson",2008,3
"618","Henderson",2009,4
"619","Henderson",2010,0
"620","Henderson",2011,3
"621","Henderson",2012,2
"622","Henderson",2013,0
"623","Henderson",2014,0
"624","Henderson",2015,0
"625","Henderson",2016,0
"626","Henderson",2017,0
"627","Henderson",2018,0
"628","Henderson",2019,0
"629","Henderson",2020,0
"630","Henderson",2021,0
"631","Hertford",2008,48
"632","Hertford",2009,42
"633","Hertford",2010,71
"634","Hertford",2011,67
"635","Hertford",2012,49
"636","Hertford",2013,23
"637","Hertford",2014,51
"638","Hertford",2015,44
"639","Hertford",2016,39
"640","Hertford",2017,23
"641","Hertford",2018,30
"642","Hertford",2019,53
"643","Hertford",2020,34
"644","Hertford",2021,30
"645","Hoke",2008,38
"646","Hoke",2009,89
"647","Hoke",2010,92
"648","Hoke",2011,86
"649","Hoke",2012,57
"650","Hoke",2013,9
"651","Hoke",2014,63
"652","Hoke",2015,67
"653","Hoke",2016,63
"654","Hoke",2017,40
"655","Hoke",2018,53
"656","Hoke",2019,67
"657","Hoke",2020,39
"658","Hoke",2021,45
"659","Hyde",2008,16
"660","Hyde",2009,21
"661","Hyde",2010,20
"662","Hyde",2011,26
"663","Hyde",2012,18
"664","Hyde",2013,3
"665","Hyde",2014,11
"666","Hyde",2015,13
"667","Hyde",2016,14
"668","Hyde",2017,2
"669","Hyde",2018,2
"670","Hyde",2019,12
"671","Hyde",2020,10
"672","Hyde",2021,2
"673","Iredell",2008,42
"674","Iredell",2009,32
"675","Iredell",2010,52
"676","Iredell",2011,77
"677","Iredell",2012,52
"678","Iredell",2013,6
"679","Iredell",2014,22
"680","Iredell",2015,56
"681","Iredell",2016,51
"682","Iredell",2017,20
"683","Iredell",2018,39
"684","Iredell",2019,35
"685","Iredell",2020,19
"686","Iredell",2021,23
"687","Jackson",2008,0
"688","Jackson",2009,0
"689","Jackson",2010,0
"690","Jackson",2011,0
"691","Jackson",2012,0
"692","Jackson",2013,0
"693","Jackson",2014,0
"694","Jackson",2015,0
"695","Jackson",2016,0
"696","Jackson",2017,0
"697","Jackson",2018,0
"698","Jackson",2019,0
"699","Jackson",2020,0
"700","Jackson",2021,0
"701","Johnston",2008,40
"702","Johnston",2009,68
"703","Johnston",2010,86
"704","Johnston",2011,81
"705","Johnston",2012,56
"706","Johnston",2013,16
"707","Johnston",2014,53
"708","Johnston",2015,55
"709","Johnston",2016,55
"710","Johnston",2017,35
"711","Johnston",2018,44
"712","Johnston",2019,56
"713","Johnston",2020,36
"714","Johnston",2021,34
"715","Jones",2008,33
"716","Jones",2009,64
"717","Jones",2010,72
"718","Jones",2011,65
"719","Jones",2012,39
"720","Jones",2013,8
"721","Jones",2014,33
"722","Jones",2015,34
"723","Jones",2016,40
"724","Jones",2017,17
"725","Jones",2018,17
"726","Jones",2019,51
"727","Jones",2020,27
"728","Jones",2021,21
"729","Lee",2008,42
"730","Lee",2009,77
"731","Lee",2010,88
"732","Lee",2011,90
"733","Lee",2012,60
"734","Lee",2013,16
"735","Lee",2014,58
"736","Lee",2015,58
"737","Lee",2016,54
"738","Lee",2017,37
"739","Lee",2018,53
"740","Lee",2019,54
"741","Lee",2020,38
"742","Lee",2021,41
"743","Lenoir",2008,40
"744","Lenoir",2009,79
"745","Lenoir",2010,81
"746","Lenoir",2011,72
"747","Lenoir",2012,47
"748","Lenoir",2013,14
"749","Lenoir",2014,44
"750","Lenoir",2015,38
"751","Lenoir",2016,45
"752","Lenoir",2017,19
"753","Lenoir",2018,21
"754","Lenoir",2019,56
"755","Lenoir",2020,33
"756","Lenoir",2021,24
"757","Lincoln",2008,45
"758","Lincoln",2009,37
"759","Lincoln",2010,57
"760","Lincoln",2011,79
"761","Lincoln",2012,52
"762","Lincoln",2013,5
"763","Lincoln",2014,18
"764","Lincoln",2015,59
"765","Lincoln",2016,52
"766","Lincoln",2017,22
"767","Lincoln",2018,38
"768","Lincoln",2019,39
"769","Lincoln",2020,20
"770","Lincoln",2021,23
"771","Macon",2008,0
"772","Macon",2009,0
"773","Macon",2010,0
"774","Macon",2011,0
"775","Macon",2012,0
"776","Macon",2013,0
"777","Macon",2014,0
"778","Macon",2015,0
"779","Macon",2016,0
"780","Macon",2017,0
"781","Macon",2018,0
"782","Macon",2019,0
"783","Macon",2020,0
"784","Macon",2021,0
"785","Madison",2008,0
"786","Madison",2009,0
"787","Madison",2010,0
"788","Madison",2011,0
"789","Madison",2012,0
"790","Madison",2013,0
"791","Madison",2014,0
"792","Madison",2015,0
"793","Madison",2016,0
"794","Madison",2017,0
"795","Madison",2018,0
"796","Madison",2019,0
"797","Madison",2020,0
"798","Madison",2021,0
"799","Martin",2008,44
"800","Martin",2009,59
"801","Martin",2010,76
"802","Martin",2011,71
"803","Martin",2012,45
"804","Martin",2013,27
"805","Martin",2014,49
"806","Martin",2015,42
"807","Martin",2016,41
"808","Martin",2017,18
"809","Martin",2018,26
"810","Martin",2019,56
"811","Martin",2020,33
"812","Martin",2021,28
"813","McDowell",2008,16
"814","McDowell",2009,6
"815","McDowell",2010,11
"816","McDowell",2011,28
"817","McDowell",2012,11
"818","McDowell",2013,0
"819","McDowell",2014,0
"820","McDowell",2015,3
"821","McDowell",2016,4
"822","McDowell",2017,1
"823","McDowell",2018,1
"824","McDowell",2019,0
"825","McDowell",2020,0
"826","McDowell",2021,1
"827","Mecklenburg",2008,56
"828","Mecklenburg",2009,72
"829","Mecklenburg",2010,80
"830","Mecklenburg",2011,90
"831","Mecklenburg",2012,62
"832","Mecklenburg",2013,10
"833","Mecklenburg",2014,30
"834","Mecklenburg",2015,69
"835","Mecklenburg",2016,68
"836","Mecklenburg",2017,31
"837","Mecklenburg",2018,58
"838","Mecklenburg",2019,64
"839","Mecklenburg",2020,31
"840","Mecklenburg",2021,40
"841","Mitchell",2008,0
"842","Mitchell",2009,0
"843","Mitchell",2010,0
"844","Mitchell",2011,0
"845","Mitchell",2012,0
"846","Mitchell",2013,0
"847","Mitchell",2014,0
"848","Mitchell",2015,0
"849","Mitchell",2016,0
"850","Mitchell",2017,0
"851","Mitchell",2018,0
"852","Mitchell",2019,0
"853","Mitchell",2020,0
"854","Mitchell",2021,0
"855","Montgomery",2008,44
"856","Montgomery",2009,74
"857","Montgomery",2010,82
"858","Montgomery",2011,94
"859","Montgomery",2012,60
"860","Montgomery",2013,12
"861","Montgomery",2014,43
"862","Montgomery",2015,64
"863","Montgomery",2016,65
"864","Montgomery",2017,39
"865","Montgomery",2018,57
"866","Montgomery",2019,52
"867","Montgomery",2020,32
"868","Montgomery",2021,33
"869","Moore",2008,43
"870","Moore",2009,75
"871","Moore",2010,84
"872","Moore",2011,86
"873","Moore",2012,57
"874","Moore",2013,11
"875","Moore",2014,53
"876","Moore",2015,62
"877","Moore",2016,64
"878","Moore",2017,38
"879","Moore",2018,51
"880","Moore",2019,53
"881","Moore",2020,36
"882","Moore",2021,37
"883","Nash",2008,46
"884","Nash",2009,52
"885","Nash",2010,84
"886","Nash",2011,75
"887","Nash",2012,55
"888","Nash",2013,23
"889","Nash",2014,54
"890","Nash",2015,56
"891","Nash",2016,48
"892","Nash",2017,31
"893","Nash",2018,43
"894","Nash",2019,61
"895","Nash",2020,35
"896","Nash",2021,34
"897","New Hanover",2008,4
"898","New Hanover",2009,22
"899","New Hanover",2010,13
"900","New Hanover",2011,26
"901","New Hanover",2012,19
"902","New Hanover",2013,0
"903","New Hanover",2014,2
"904","New Hanover",2015,7
"905","New Hanover",2016,6
"906","New Hanover",2017,0
"907","New Hanover",2018,0
"908","New Hanover",2019,6
"909","New Hanover",2020,0
"910","New Hanover",2021,0
"911","Northampton",2008,43
"912","Northampton",2009,42
"913","Northampton",2010,83
"914","Northampton",2011,73
"915","Northampton",2012,57
"916","Northampton",2013,29
"917","Northampton",2014,53
"918","Northampton",2015,43
"919","Northampton",2016,40
"920","Northampton",2017,25
"921","Northampton",2018,38
"922","Northampton",2019,58
"923","Northampton",2020,36
"924","Northampton",2021,36
"925","Onslow",2008,23
"926","Onslow",2009,52
"927","Onslow",2010,58
"928","Onslow",2011,55
"929","Onslow",2012,33
"930","Onslow",2013,7
"931","Onslow",2014,23
"932","Onslow",2015,28
"933","Onslow",2016,35
"934","Onslow",2017,15
"935","Onslow",2018,16
"936","Onslow",2019,46
"937","Onslow",2020,22
"938","Onslow",2021,16
"939","Orange",2008,39
"940","Orange",2009,42
"941","Orange",2010,76
"942","Orange",2011,86
"943","Orange",2012,58
"944","Orange",2013,15
"945","Orange",2014,49
"946","Orange",2015,49
"947","Orange",2016,47
"948","Orange",2017,34
"949","Orange",2018,42
"950","Orange",2019,38
"951","Orange",2020,34
"952","Orange",2021,32
"953","Pamlico",2008,25
"954","Pamlico",2009,52
"955","Pamlico",2010,47
"956","Pamlico",2011,45
"957","Pamlico",2012,28
"958","Pamlico",2013,7
"959","Pamlico",2014,24
"960","Pamlico",2015,26
"961","Pamlico",2016,25
"962","Pamlico",2017,11
"963","Pamlico",2018,10
"964","Pamlico",2019,34
"965","Pamlico",2020,18
"966","Pamlico",2021,7
"967","Pasquotank",2008,21
"968","Pasquotank",2009,22
"969","Pasquotank",2010,42
"970","Pasquotank",2011,31
"971","Pasquotank",2012,27
"972","Pasquotank",2013,6
"973","Pasquotank",2014,18
"974","Pasquotank",2015,16
"975","Pasquotank",2016,19
"976","Pasquotank",2017,8
"977","Pasquotank",2018,2
"978","Pasquotank",2019,13
"979","Pasquotank",2020,11
"980","Pasquotank",2021,3
"981","Pender",2008,17
"982","Pender",2009,54
"983","Pender",2010,53
"984","Pender",2011,45
"985","Pender",2012,29
"986","Pender",2013,2
"987","Pender",2014,25
"988","Pender",2015,24
"989","Pender",2016,23
"990","Pender",2017,10
"991","Pender",2018,8
"992","Pender",2019,35
"993","Pender",2020,18
"994","Pender",2021,9
"995","Perquimans",2008,37
"996","Perquimans",2009,37
"997","Perquimans",2010,61
"998","Perquimans",2011,57
"999","Perquimans",2012,33
"1000","Perquimans",2013,16
"1001","Perquimans",2014,34
"1002","Perquimans",2015,29
"1003","Perquimans",2016,34
"1004","Perquimans",2017,15
"1005","Perquimans",2018,13
"1006","Perquimans",2019,36
"1007","Perquimans",2020,21
"1008","Perquimans",2021,14
"1009","Person",2008,38
"1010","Person",2009,27
"1011","Person",2010,64
"1012","Person",2011,81
"1013","Person",2012,58
"1014","Person",2013,17
"1015","Person",2014,44
"1016","Person",2015,40
"1017","Person",2016,37
"1018","Person",2017,27
"1019","Person",2018,38
"1020","Person",2019,32
"1021","Person",2020,33
"1022","Person",2021,28
"1023","Pitt",2008,42
"1024","Pitt",2009,76
"1025","Pitt",2010,79
"1026","Pitt",2011,77
"1027","Pitt",2012,44
"1028","Pitt",2013,25
"1029","Pitt",2014,45
"1030","Pitt",2015,40
"1031","Pitt",2016,41
"1032","Pitt",2017,18
"1033","Pitt",2018,22
"1034","Pitt",2019,57
"1035","Pitt",2020,32
"1036","Pitt",2021,22
"1037","Polk",2008,34
"1038","Polk",2009,39
"1039","Polk",2010,37
"1040","Polk",2011,45
"1041","Polk",2012,30
"1042","Polk",2013,1
"1043","Polk",2014,3
"1044","Polk",2015,30
"1045","Polk",2016,29
"1046","Polk",2017,10
"1047","Polk",2018,5
"1048","Polk",2019,10
"1049","Polk",2020,5
"1050","Polk",2021,6
"1051","Randolph",2008,44
"1052","Randolph",2009,36
"1053","Randolph",2010,73
"1054","Randolph",2011,88
"1055","Randolph",2012,60
"1056","Randolph",2013,12
"1057","Randolph",2014,34
"1058","Randolph",2015,59
"1059","Randolph",2016,55
"1060","Randolph",2017,31
"1061","Randolph",2018,49
"1062","Randolph",2019,39
"1063","Randolph",2020,30
"1064","Randolph",2021,28
"1065","Richmond",2008,47
"1066","Richmond",2009,91
"1067","Richmond",2010,94
"1068","Richmond",2011,98
"1069","Richmond",2012,62
"1070","Richmond",2013,16
"1071","Richmond",2014,63
"1072","Richmond",2015,70
"1073","Richmond",2016,72
"1074","Richmond",2017,44
"1075","Richmond",2018,68
"1076","Richmond",2019,79
"1077","Richmond",2020,43
"1078","Richmond",2021,50
"1079","Robeson",2008,35
"1080","Robeson",2009,93
"1081","Robeson",2010,92
"1082","Robeson",2011,88
"1083","Robeson",2012,56
"1084","Robeson",2013,8
"1085","Robeson",2014,66
"1086","Robeson",2015,66
"1087","Robeson",2016,60
"1088","Robeson",2017,41
"1089","Robeson",2018,54
"1090","Robeson",2019,75
"1091","Robeson",2020,36
"1092","Robeson",2021,45
"1093","Rockingham",2008,38
"1094","Rockingham",2009,19
"1095","Rockingham",2010,56
"1096","Rockingham",2011,79
"1097","Rockingham",2012,59
"1098","Rockingham",2013,16
"1099","Rockingham",2014,33
"1100","Rockingham",2015,49
"1101","Rockingham",2016,44
"1102","Rockingham",2017,17
"1103","Rockingham",2018,39
"1104","Rockingham",2019,33
"1105","Rockingham",2020,26
"1106","Rockingham",2021,26
"1107","Rowan",2008,43
"1108","Rowan",2009,41
"1109","Rowan",2010,64
"1110","Rowan",2011,85
"1111","Rowan",2012,56
"1112","Rowan",2013,8
"1113","Rowan",2014,28
"1114","Rowan",2015,67
"1115","Rowan",2016,64
"1116","Rowan",2017,25
"1117","Rowan",2018,47
"1118","Rowan",2019,47
"1119","Rowan",2020,26
"1120","Rowan",2021,30
"1121","Rutherford",2008,48
"1122","Rutherford",2009,43
"1123","Rutherford",2010,52
"1124","Rutherford",2011,66
"1125","Rutherford",2012,41
"1126","Rutherford",2013,3
"1127","Rutherford",2014,9
"1128","Rutherford",2015,42
"1129","Rutherford",2016,43
"1130","Rutherford",2017,15
"1131","Rutherford",2018,17
"1132","Rutherford",2019,29
"1133","Rutherford",2020,12
"1134","Rutherford",2021,17
"1135","Sampson",2008,36
"1136","Sampson",2009,88
"1137","Sampson",2010,87
"1138","Sampson",2011,81
"1139","Sampson",2012,54
"1140","Sampson",2013,12
"1141","Sampson",2014,56
"1142","Sampson",2015,48
"1143","Sampson",2016,55
"1144","Sampson",2017,32
"1145","Sampson",2018,39
"1146","Sampson",2019,61
"1147","Sampson",2020,38
"1148","Sampson",2021,37
"1149","Scotland",2008,40
"1150","Scotland",2009,92
"1151","Scotland",2010,94
"1152","Scotland",2011,94
"1153","Scotland",2012,58
"1154","Scotland",2013,11
"1155","Scotland",2014,68
"1156","Scotland",2015,69
"1157","Scotland",2016,64
"1158","Scotland",2017,44
"1159","Scotland",2018,62
"1160","Scotland",2019,80
"1161","Scotland",2020,39
"1162","Scotland",2021,50
"1163","Stanly",2008,52
"1164","Stanly",2009,77
"1165","Stanly",2010,82
"1166","Stanly",2011,95
"1167","Stanly",2012,64
"1168","Stanly",2013,12
"1169","Stanly",2014,39
"1170","Stanly",2015,67
"1171","Stanly",2016,70
"1172","Stanly",2017,38
"1173","Stanly",2018,65
"1174","Stanly",2019,64
"1175","Stanly",2020,34
"1176","Stanly",2021,43
"1177","Stokes",2008,28
"1178","Stokes",2009,9
"1179","Stokes",2010,38
"1180","Stokes",2011,63
"1181","Stokes",2012,52
"1182","Stokes",2013,8
"1183","Stokes",2014,20
"1184","Stokes",2015,40
"1185","Stokes",2016,28
"1186","Stokes",2017,13
"1187","Stokes",2018,22
"1188","Stokes",2019,20
"1189","Stokes",2020,12
"1190","Stokes",2021,16
"1191","Surry",2008,23
"1192","Surry",2009,1
"1193","Surry",2010,16
"1194","Surry",2011,39
"1195","Surry",2012,29
"1196","Surry",2013,1
"1197","Surry",2014,3
"1198","Surry",2015,19
"1199","Surry",2016,11
"1200","Surry",2017,4
"1201","Surry",2018,5
"1202","Surry",2019,7
"1203","Surry",2020,3
"1204","Surry",2021,6
"1205","Swain",2008,0
"1206","Swain",2009,0
"1207","Swain",2010,0
"1208","Swain",2011,0
"1209","Swain",2012,0
"1210","Swain",2013,0
"1211","Swain",2014,0
"1212","Swain",2015,0
"1213","Swain",2016,0
"1214","Swain",2017,0
"1215","Swain",2018,0
"1216","Swain",2019,0
"1217","Swain",2020,0
"1218","Swain",2021,0
"1219","Transylvania",2008,0
"1220","Transylvania",2009,0
"1221","Transylvania",2010,0
"1222","Transylvania",2011,0
"1223","Transylvania",2012,0
"1224","Transylvania",2013,0
"1225","Transylvania",2014,0
"1226","Transylvania",2015,0
"1227","Transylvania",2016,0
"1228","Transylvania",2017,0
"1229","Transylvania",2018,0
"1230","Transylvania",2019,0
"1231","Transylvania",2020,0
"1232","Transylvania",2021,0
"1233","Tyrrell",2008,25
"1234","Tyrrell",2009,29
"1235","Tyrrell",2010,34
"1236","Tyrrell",2011,34
"1237","Tyrrell",2012,26
"1238","Tyrrell",2013,7
"1239","Tyrrell",2014,18
"1240","Tyrrell",2015,18
"1241","Tyrrell",2016,21
"1242","Tyrrell",2017,8
"1243","Tyrrell",2018,5
"1244","Tyrrell",2019,19
"1245","Tyrrell",2020,15
"1246","Tyrrell",2021,5
"1247","Union",2008,54
"1248","Union",2009,88
"1249","Union",2010,89
"1250","Union",2011,95
"1251","Union",2012,62
"1252","Union",2013,9
"1253","Union",2014,38
"1254","Union",2015,69
"1255","Union",2016,71
"1256","Union",2017,34
"1257","Union",2018,63
"1258","Union",2019,75
"1259","Union",2020,33
"1260","Union",2021,45
"1261","Vance",2008,42
"1262","Vance",2009,32
"1263","Vance",2010,76
"1264","Vance",2011,84
"1265","Vance",2012,63
"1266","Vance",2013,22
"1267","Vance",2014,49
"1268","Vance",2015,42
"1269","Vance",2016,48
"1270","Vance",2017,35
"1271","Vance",2018,46
"1272","Vance",2019,47
"1273","Vance",2020,34
"1274","Vance",2021,32
"1275","Wake",2008,41
"1276","Wake",2009,57
"1277","Wake",2010,85
"1278","Wake",2011,85
"1279","Wake",2012,59
"1280","Wake",2013,22
"1281","Wake",2014,54
"1282","Wake",2015,60
"1283","Wake",2016,52
"1284","Wake",2017,43
"1285","Wake",2018,48
"1286","Wake",2019,56
"1287","Wake",2020,36
"1288","Wake",2021,38
"1289","Warren",2008,42
"1290","Warren",2009,33
"1291","Warren",2010,80
"1292","Warren",2011,81
"1293","Warren",2012,62
"1294","Warren",2013,25
"1295","Warren",2014,51
"1296","Warren",2015,43
"1297","Warren",2016,44
"1298","Warren",2017,34
"1299","Warren",2018,47
"1300","Warren",2019,52
"1301","Warren",2020,34
"1302","Warren",2021,33
"1303","Washington",2008,40
"1304","Washington",2009,46
"1305","Washington",2010,65
"1306","Washington",2011,66
"1307","Washington",2012,41
"1308","Washington",2013,20
"1309","Washington",2014,42
"1310","Washington",2015,40
"1311","Washington",2016,37
"1312","Washington",2017,17
"1313","Washington",2018,21
"1314","Washington",2019,43
"1315","Washington",2020,31
"1316","Washington",2021,22
"1317","Watauga",2008,0
"1318","Watauga",2009,0
"1319","Watauga",2010,0
"1320","Watauga",2011,0
"1321","Watauga",2012,0
"1322","Watauga",2013,0
"1323","Watauga",2014,0
"1324","Watauga",2015,0
"1325","Watauga",2016,0
"1326","Watauga",2017,0
"1327","Watauga",2018,0
"1328","Watauga",2019,0
"1329","Watauga",2020,0
"1330","Watauga",2021,0
"1331","Wayne",2008,41
"1332","Wayne",2009,79
"1333","Wayne",2010,84
"1334","Wayne",2011,79
"1335","Wayne",2012,49
"1336","Wayne",2013,12
"1337","Wayne",2014,50
"1338","Wayne",2015,42
"1339","Wayne",2016,49
"1340","Wayne",2017,26
"1341","Wayne",2018,31
"1342","Wayne",2019,60
"1343","Wayne",2020,35
"1344","Wayne",2021,28
"1345","Wilkes",2008,17
"1346","Wilkes",2009,1
"1347","Wilkes",2010,11
"1348","Wilkes",2011,31
"1349","Wilkes",2012,18
"1350","Wilkes",2013,0
"1351","Wilkes",2014,1
"1352","Wilkes",2015,8
"1353","Wilkes",2016,5
"1354","Wilkes",2017,1
"1355","Wilkes",2018,3
"1356","Wilkes",2019,1
"1357","Wilkes",2020,1
"1358","Wilkes",2021,3
"1359","Wilson",2008,44
"1360","Wilson",2009,64
"1361","Wilson",2010,83
"1362","Wilson",2011,78
"1363","Wilson",2012,54
"1364","Wilson",2013,21
"1365","Wilson",2014,51
"1366","Wilson",2015,53
"1367","Wilson",2016,50
"1368","Wilson",2017,30
"1369","Wilson",2018,40
"1370","Wilson",2019,57
"1371","Wilson",2020,34
"1372","Wilson",2021,31
"1373","Yadkin",2008,34
"1374","Yadkin",2009,14
"1375","Yadkin",2010,40
"1376","Yadkin",2011,62
"1377","Yadkin",2012,46
"1378","Yadkin",2013,5
"1379","Yadkin",2014,19
"1380","Yadkin",2015,50
"1381","Yadkin",2016,38
"1382","Yadkin",2017,15
"1383","Yadkin",2018,28
"1384","Yadkin",2019,21
"1385","Yadkin",2020,12
"1386","Yadkin",2021,20
"1387","Yancey",2008,0
"1388","Yancey",2009,0
"1389","Yancey",2010,0
"1390","Yancey",2011,0
"1391","Yancey",2012,0
"1392","Yancey",2013,0
"1393","Yancey",2014,0
"1394","Yancey",2015,0
"1395","Yancey",2016,0
"1396","Yancey",2017,0
"1397","Yancey",2018,0
"1398","Yancey",2019,0
"1399","Yancey",2020,0
"1400","Yancey",2021,0
