"","CountyFIPS","County","Year","annual_COPD_deaths_per100000"
"1",37001,"Alamance",2000,"58.7"
"2",37001,"Alamance",2001,"84.4"
"3",37001,"Alamance",2002,"73.4"
"4",37001,"Alamance",2003,"77.9"
"5",37001,"Alamance",2004,"64.6"
"6",37001,"Alamance",2005,"73.4"
"7",37001,"Alamance",2006,"65.4"
"8",37001,"Alamance",2007,"71.4"
"9",37001,"Alamance",2008,"86.5"
"10",37001,"Alamance",2009,"82.9"
"11",37001,"Alamance",2010,"66.2"
"12",37001,"Alamance",2011,"82.2"
"13",37001,"Alamance",2012,"80.5"
"14",37001,"Alamance",2013,"77.2"
"15",37001,"Alamance",2014,"75.3"
"16",37001,"Alamance",2015,"81.5"
"17",37001,"Alamance",2016,"89.5"
"18",37001,"Alamance",2017,"59.9"
"19",37001,"Alamance",2018,"73.5"
"20",37001,"Alamance",2019,"77.6"
"21",37001,"Alamance",2020,"77.9"
"22",37003,"Alexander",2000,"58.9"
"23",37003,"Alexander",2001,"53.7"
"24",37003,"Alexander",2002,"85.0"
"25",37003,"Alexander",2003,"Suppressed"
"26",37003,"Alexander",2004,"59.1"
"27",37003,"Alexander",2005,"89.2"
"28",37003,"Alexander",2006,"67.9"
"29",37003,"Alexander",2007,"93.8"
"30",37003,"Alexander",2008,"78.7"
"31",37003,"Alexander",2009,"91.2"
"32",37003,"Alexander",2010,"77.1"
"33",37003,"Alexander",2011,"115.2"
"34",37003,"Alexander",2012,"90.1"
"35",37003,"Alexander",2013,"96.4"
"36",37003,"Alexander",2014,"101.2"
"37",37003,"Alexander",2015,"136.1"
"38",37003,"Alexander",2016,"97.3"
"39",37003,"Alexander",2017,"110.2"
"40",37003,"Alexander",2018,"55.6"
"41",37003,"Alexander",2019,"66.6"
"42",37003,"Alexander",2020,"73.9"
"43",37005,"Alleghany",2000,"101.4"
"44",37005,"Alleghany",2001,"Suppressed"
"45",37005,"Alleghany",2002,"Suppressed"
"46",37005,"Alleghany",2003,"Suppressed"
"47",37005,"Alleghany",2004,"Suppressed"
"48",37005,"Alleghany",2005,"Suppressed"
"49",37005,"Alleghany",2006,"99.7"
"50",37005,"Alleghany",2007,"125.6"
"51",37005,"Alleghany",2008,"Suppressed"
"52",37005,"Alleghany",2009,"Suppressed"
"53",37005,"Alleghany",2010,"Suppressed"
"54",37005,"Alleghany",2011,"83.5"
"55",37005,"Alleghany",2012,"Suppressed"
"56",37005,"Alleghany",2013,"Suppressed"
"57",37005,"Alleghany",2014,"79.5"
"58",37005,"Alleghany",2015,"Suppressed"
"59",37005,"Alleghany",2016,"Suppressed"
"60",37005,"Alleghany",2017,"79.0"
"61",37005,"Alleghany",2018,"Suppressed"
"62",37005,"Alleghany",2019,"Suppressed"
"63",37005,"Alleghany",2020,"141.1"
"64",37007,"Anson",2000,"Suppressed"
"65",37007,"Anson",2001,"Suppressed"
"66",37007,"Anson",2002,"57.9"
"67",37007,"Anson",2003,"Suppressed"
"68",37007,"Anson",2004,"Suppressed"
"69",37007,"Anson",2005,"87.3"
"70",37007,"Anson",2006,"54.7"
"71",37007,"Anson",2007,"72.6"
"72",37007,"Anson",2008,"57.7"
"73",37007,"Anson",2009,"46.1"
"74",37007,"Anson",2010,"64.2"
"75",37007,"Anson",2011,"64.1"
"76",37007,"Anson",2012,"75.6"
"77",37007,"Anson",2013,"81.1"
"78",37007,"Anson",2014,"Suppressed"
"79",37007,"Anson",2015,"96.1"
"80",37007,"Anson",2016,"89.6"
"81",37007,"Anson",2017,"62.7"
"82",37007,"Anson",2018,"86.7"
"83",37007,"Anson",2019,"83.5"
"84",37007,"Anson",2020,"61.0"
"85",37009,"Ashe",2000,"107.9"
"86",37009,"Ashe",2001,"85.6"
"87",37009,"Ashe",2002,"81.5"
"88",37009,"Ashe",2003,"127.0"
"89",37009,"Ashe",2004,"92.1"
"90",37009,"Ashe",2005,"99.4"
"91",37009,"Ashe",2006,"55.5"
"92",37009,"Ashe",2007,"126.6"
"93",37009,"Ashe",2008,"57.4"
"94",37009,"Ashe",2009,"90.4"
"95",37009,"Ashe",2010,"102.3"
"96",37009,"Ashe",2011,"80.5"
"97",37009,"Ashe",2012,"66.5"
"98",37009,"Ashe",2013,"122.1"
"99",37009,"Ashe",2014,"93.6"
"100",37009,"Ashe",2015,"62.8"
"101",37009,"Ashe",2016,"63.2"
"102",37009,"Ashe",2017,"99.4"
"103",37009,"Ashe",2018,"86.4"
"104",37009,"Ashe",2019,"74.6"
"105",37009,"Ashe",2020,"97.0"
"106",37011,"Avery",2000,"73.5"
"107",37011,"Avery",2001,"110.0"
"108",37011,"Avery",2002,"98.5"
"109",37011,"Avery",2003,"117.2"
"110",37011,"Avery",2004,"Suppressed"
"111",37011,"Avery",2005,"155.1"
"112",37011,"Avery",2006,"94.5"
"113",37011,"Avery",2007,"67.6"
"114",37011,"Avery",2008,"93.5"
"115",37011,"Avery",2009,"Suppressed"
"116",37011,"Avery",2010,"136.1"
"117",37011,"Avery",2011,"122.0"
"118",37011,"Avery",2012,"125.8"
"119",37011,"Avery",2013,"64.3"
"120",37011,"Avery",2014,"101.2"
"121",37011,"Avery",2015,"114.0"
"122",37011,"Avery",2016,"87.0"
"123",37011,"Avery",2017,"86.2"
"124",37011,"Avery",2018,"100.7"
"125",37011,"Avery",2019,"168.4"
"126",37011,"Avery",2020,"98.7"
"127",37013,"Beaufort",2000,"86.2"
"128",37013,"Beaufort",2001,"75.5"
"129",37013,"Beaufort",2002,"95.9"
"130",37013,"Beaufort",2003,"38.4"
"131",37013,"Beaufort",2004,"75.4"
"132",37013,"Beaufort",2005,"43.3"
"133",37013,"Beaufort",2006,"64.8"
"134",37013,"Beaufort",2007,"51.3"
"135",37013,"Beaufort",2008,"49.2"
"136",37013,"Beaufort",2009,"60.0"
"137",37013,"Beaufort",2010,"89.7"
"138",37013,"Beaufort",2011,"82.7"
"139",37013,"Beaufort",2012,"66.3"
"140",37013,"Beaufort",2013,"91.2"
"141",37013,"Beaufort",2014,"63.6"
"142",37013,"Beaufort",2015,"76.2"
"143",37013,"Beaufort",2016,"72.3"
"144",37013,"Beaufort",2017,"52.1"
"145",37013,"Beaufort",2018,"69.2"
"146",37013,"Beaufort",2019,"54.9"
"147",37013,"Beaufort",2020,"71.8"
"148",37015,"Bertie",2000,"Suppressed"
"149",37015,"Bertie",2001,"Suppressed"
"150",37015,"Bertie",2002,"Suppressed"
"151",37015,"Bertie",2003,"Suppressed"
"152",37015,"Bertie",2004,"Suppressed"
"153",37015,"Bertie",2005,"79.2"
"154",37015,"Bertie",2006,"Suppressed"
"155",37015,"Bertie",2007,"82.1"
"156",37015,"Bertie",2008,"89.9"
"157",37015,"Bertie",2009,"Suppressed"
"158",37015,"Bertie",2010,"52.0"
"159",37015,"Bertie",2011,"57.4"
"160",37015,"Bertie",2012,"66.3"
"161",37015,"Bertie",2013,"Suppressed"
"162",37015,"Bertie",2014,"Suppressed"
"163",37015,"Bertie",2015,"57.6"
"164",37015,"Bertie",2016,"66.8"
"165",37015,"Bertie",2017,"48.9"
"166",37015,"Bertie",2018,"Suppressed"
"167",37015,"Bertie",2019,"79.1"
"168",37015,"Bertie",2020,"49.3"
"169",37017,"Bladen",2000,"51.1"
"170",37017,"Bladen",2001,"77.4"
"171",37017,"Bladen",2002,"95.9"
"172",37017,"Bladen",2003,"93.6"
"173",37017,"Bladen",2004,"77.0"
"174",37017,"Bladen",2005,"106.7"
"175",37017,"Bladen",2006,"105.3"
"176",37017,"Bladen",2007,"126.6"
"177",37017,"Bladen",2008,"80.3"
"178",37017,"Bladen",2009,"60.6"
"179",37017,"Bladen",2010,"62.4"
"180",37017,"Bladen",2011,"66.9"
"181",37017,"Bladen",2012,"52.3"
"182",37017,"Bladen",2013,"75.8"
"183",37017,"Bladen",2014,"71.0"
"184",37017,"Bladen",2015,"65.6"
"185",37017,"Bladen",2016,"60.0"
"186",37017,"Bladen",2017,"50.6"
"187",37017,"Bladen",2018,"54.5"
"188",37017,"Bladen",2019,"67.0"
"189",37017,"Bladen",2020,"51.9"
"190",37019,"Brunswick",2000,"63.2"
"191",37019,"Brunswick",2001,"65.2"
"192",37019,"Brunswick",2002,"85.1"
"193",37019,"Brunswick",2003,"88.4"
"194",37019,"Brunswick",2004,"69.0"
"195",37019,"Brunswick",2005,"74.0"
"196",37019,"Brunswick",2006,"98.9"
"197",37019,"Brunswick",2007,"69.7"
"198",37019,"Brunswick",2008,"76.5"
"199",37019,"Brunswick",2009,"72.5"
"200",37019,"Brunswick",2010,"60.8"
"201",37019,"Brunswick",2011,"65.5"
"202",37019,"Brunswick",2012,"65.9"
"203",37019,"Brunswick",2013,"77.8"
"204",37019,"Brunswick",2014,"75.1"
"205",37019,"Brunswick",2015,"70.6"
"206",37019,"Brunswick",2016,"57.6"
"207",37019,"Brunswick",2017,"70.4"
"208",37019,"Brunswick",2018,"56.9"
"209",37019,"Brunswick",2019,"52.3"
"210",37019,"Brunswick",2020,"40.7"
"211",37021,"Buncombe",2000,"82.9"
"212",37021,"Buncombe",2001,"62.7"
"213",37021,"Buncombe",2002,"80.0"
"214",37021,"Buncombe",2003,"86.7"
"215",37021,"Buncombe",2004,"64.3"
"216",37021,"Buncombe",2005,"81.9"
"217",37021,"Buncombe",2006,"72.1"
"218",37021,"Buncombe",2007,"88.8"
"219",37021,"Buncombe",2008,"76.9"
"220",37021,"Buncombe",2009,"74.2"
"221",37021,"Buncombe",2010,"82.0"
"222",37021,"Buncombe",2011,"67.8"
"223",37021,"Buncombe",2012,"75.4"
"224",37021,"Buncombe",2013,"69.4"
"225",37021,"Buncombe",2014,"69.3"
"226",37021,"Buncombe",2015,"75.2"
"227",37021,"Buncombe",2016,"70.6"
"228",37021,"Buncombe",2017,"70.3"
"229",37021,"Buncombe",2018,"65.1"
"230",37021,"Buncombe",2019,"57.0"
"231",37021,"Buncombe",2020,"51.8"
"232",37023,"Burke",2000,"85.1"
"233",37023,"Burke",2001,"64.2"
"234",37023,"Burke",2002,"61.1"
"235",37023,"Burke",2003,"66.0"
"236",37023,"Burke",2004,"86.8"
"237",37023,"Burke",2005,"59.6"
"238",37023,"Burke",2006,"75.0"
"239",37023,"Burke",2007,"75.2"
"240",37023,"Burke",2008,"78.5"
"241",37023,"Burke",2009,"72.5"
"242",37023,"Burke",2010,"97.4"
"243",37023,"Burke",2011,"83.7"
"244",37023,"Burke",2012,"98.1"
"245",37023,"Burke",2013,"104.3"
"246",37023,"Burke",2014,"106.5"
"247",37023,"Burke",2015,"72.3"
"248",37023,"Burke",2016,"90.5"
"249",37023,"Burke",2017,"86.6"
"250",37023,"Burke",2018,"90.6"
"251",37023,"Burke",2019,"99.0"
"252",37023,"Burke",2020,"64.0"
"253",37025,"Cabarrus",2000,"54.4"
"254",37025,"Cabarrus",2001,"84.3"
"255",37025,"Cabarrus",2002,"67.7"
"256",37025,"Cabarrus",2003,"85.3"
"257",37025,"Cabarrus",2004,"69.6"
"258",37025,"Cabarrus",2005,"82.3"
"259",37025,"Cabarrus",2006,"81.7"
"260",37025,"Cabarrus",2007,"76.0"
"261",37025,"Cabarrus",2008,"84.6"
"262",37025,"Cabarrus",2009,"85.3"
"263",37025,"Cabarrus",2010,"90.3"
"264",37025,"Cabarrus",2011,"89.9"
"265",37025,"Cabarrus",2012,"84.2"
"266",37025,"Cabarrus",2013,"75.2"
"267",37025,"Cabarrus",2014,"68.2"
"268",37025,"Cabarrus",2015,"90.1"
"269",37025,"Cabarrus",2016,"68.1"
"270",37025,"Cabarrus",2017,"73.6"
"271",37025,"Cabarrus",2018,"67.8"
"272",37025,"Cabarrus",2019,"67.1"
"273",37025,"Cabarrus",2020,"51.6"
"274",37027,"Caldwell",2000,"57.2"
"275",37027,"Caldwell",2001,"99.8"
"276",37027,"Caldwell",2002,"103.8"
"277",37027,"Caldwell",2003,"91.7"
"278",37027,"Caldwell",2004,"89.6"
"279",37027,"Caldwell",2005,"134.7"
"280",37027,"Caldwell",2006,"116.6"
"281",37027,"Caldwell",2007,"103.4"
"282",37027,"Caldwell",2008,"93.7"
"283",37027,"Caldwell",2009,"89.0"
"284",37027,"Caldwell",2010,"105.2"
"285",37027,"Caldwell",2011,"106.8"
"286",37027,"Caldwell",2012,"106.7"
"287",37027,"Caldwell",2013,"114.0"
"288",37027,"Caldwell",2014,"99.2"
"289",37027,"Caldwell",2015,"84.7"
"290",37027,"Caldwell",2016,"123.5"
"291",37027,"Caldwell",2017,"121.6"
"292",37027,"Caldwell",2018,"88.1"
"293",37027,"Caldwell",2019,"91.4"
"294",37027,"Caldwell",2020,"106.5"
"295",37029,"Camden",2000,"Suppressed"
"296",37029,"Camden",2001,"Suppressed"
"297",37029,"Camden",2002,"Suppressed"
"298",37029,"Camden",2003,"Suppressed"
"299",37029,"Camden",2004,"Suppressed"
"300",37029,"Camden",2005,"Suppressed"
"301",37029,"Camden",2006,"Suppressed"
"302",37029,"Camden",2007,"Suppressed"
"303",37029,"Camden",2008,"Suppressed"
"304",37029,"Camden",2009,"Suppressed"
"305",37029,"Camden",2010,"Suppressed"
"306",37029,"Camden",2011,"Suppressed"
"307",37029,"Camden",2012,"Suppressed"
"308",37029,"Camden",2013,"Suppressed"
"309",37029,"Camden",2014,"Suppressed"
"310",37029,"Camden",2015,"Suppressed"
"311",37029,"Camden",2016,"Suppressed"
"312",37029,"Camden",2017,"Suppressed"
"313",37029,"Camden",2018,"Suppressed"
"314",37029,"Camden",2019,"Suppressed"
"315",37029,"Camden",2020,"Suppressed"
"316",37031,"Carteret",2000,"83.7"
"317",37031,"Carteret",2001,"72.6"
"318",37031,"Carteret",2002,"34.1"
"319",37031,"Carteret",2003,"67.5"
"320",37031,"Carteret",2004,"60.9"
"321",37031,"Carteret",2005,"86.1"
"322",37031,"Carteret",2006,"62.9"
"323",37031,"Carteret",2007,"49.3"
"324",37031,"Carteret",2008,"66.4"
"325",37031,"Carteret",2009,"72.2"
"326",37031,"Carteret",2010,"58.7"
"327",37031,"Carteret",2011,"52.9"
"328",37031,"Carteret",2012,"47.6"
"329",37031,"Carteret",2013,"57.3"
"330",37031,"Carteret",2014,"59.1"
"331",37031,"Carteret",2015,"73.3"
"332",37031,"Carteret",2016,"63.9"
"333",37031,"Carteret",2017,"74.2"
"334",37031,"Carteret",2018,"84.6"
"335",37031,"Carteret",2019,"57.5"
"336",37031,"Carteret",2020,"52.5"
"337",37033,"Caswell",2000,"Suppressed"
"338",37033,"Caswell",2001,"97.5"
"339",37033,"Caswell",2002,"60.5"
"340",37033,"Caswell",2003,"72.6"
"341",37033,"Caswell",2004,"69.6"
"342",37033,"Caswell",2005,"93.0"
"343",37033,"Caswell",2006,"68.7"
"344",37033,"Caswell",2007,"Suppressed"
"345",37033,"Caswell",2008,"85.7"
"346",37033,"Caswell",2009,"Suppressed"
"347",37033,"Caswell",2010,"58.2"
"348",37033,"Caswell",2011,"105.5"
"349",37033,"Caswell",2012,"101.2"
"350",37033,"Caswell",2013,"62.3"
"351",37033,"Caswell",2014,"Suppressed"
"352",37033,"Caswell",2015,"62.4"
"353",37033,"Caswell",2016,"85.0"
"354",37033,"Caswell",2017,"82.7"
"355",37033,"Caswell",2018,"83.6"
"356",37033,"Caswell",2019,"65.8"
"357",37033,"Caswell",2020,"60.2"
"358",37035,"Catawba",2000,"66.8"
"359",37035,"Catawba",2001,"74.1"
"360",37035,"Catawba",2002,"75.5"
"361",37035,"Catawba",2003,"72.3"
"362",37035,"Catawba",2004,"90.9"
"363",37035,"Catawba",2005,"94.2"
"364",37035,"Catawba",2006,"81.8"
"365",37035,"Catawba",2007,"87.0"
"366",37035,"Catawba",2008,"95.0"
"367",37035,"Catawba",2009,"102.8"
"368",37035,"Catawba",2010,"102.4"
"369",37035,"Catawba",2011,"105.4"
"370",37035,"Catawba",2012,"89.5"
"371",37035,"Catawba",2013,"100.1"
"372",37035,"Catawba",2014,"97.3"
"373",37035,"Catawba",2015,"118.5"
"374",37035,"Catawba",2016,"98.2"
"375",37035,"Catawba",2017,"102.3"
"376",37035,"Catawba",2018,"105.4"
"377",37035,"Catawba",2019,"94.8"
"378",37035,"Catawba",2020,"98.0"
"379",37037,"Chatham",2000,"34.3"
"380",37037,"Chatham",2001,"51.8"
"381",37037,"Chatham",2002,"50.0"
"382",37037,"Chatham",2003,"46.9"
"383",37037,"Chatham",2004,"31.6"
"384",37037,"Chatham",2005,"48.7"
"385",37037,"Chatham",2006,"36.4"
"386",37037,"Chatham",2007,"34.1"
"387",37037,"Chatham",2008,"38.2"
"388",37037,"Chatham",2009,"36.6"
"389",37037,"Chatham",2010,"33.7"
"390",37037,"Chatham",2011,"44.2"
"391",37037,"Chatham",2012,"36.7"
"392",37037,"Chatham",2013,"34.6"
"393",37037,"Chatham",2014,"35.3"
"394",37037,"Chatham",2015,"35.5"
"395",37037,"Chatham",2016,"37.7"
"396",37037,"Chatham",2017,"27.1"
"397",37037,"Chatham",2018,"41.5"
"398",37037,"Chatham",2019,"38.3"
"399",37037,"Chatham",2020,"24.5"
"400",37039,"Cherokee",2000,"52.9"
"401",37039,"Cherokee",2001,"91.6"
"402",37039,"Cherokee",2002,"70.2"
"403",37039,"Cherokee",2003,"75.9"
"404",37039,"Cherokee",2004,"56.0"
"405",37039,"Cherokee",2005,"73.6"
"406",37039,"Cherokee",2006,"69.5"
"407",37039,"Cherokee",2007,"53.6"
"408",37039,"Cherokee",2008,"69.6"
"409",37039,"Cherokee",2009,"62.5"
"410",37039,"Cherokee",2010,"80.0"
"411",37039,"Cherokee",2011,"76.0"
"412",37039,"Cherokee",2012,"89.0"
"413",37039,"Cherokee",2013,"82.7"
"414",37039,"Cherokee",2014,"101.5"
"415",37039,"Cherokee",2015,"78.6"
"416",37039,"Cherokee",2016,"78.8"
"417",37039,"Cherokee",2017,"52.7"
"418",37039,"Cherokee",2018,"66.0"
"419",37039,"Cherokee",2019,"59.4"
"420",37039,"Cherokee",2020,"80.3"
"421",37041,"Chowan",2000,"Suppressed"
"422",37041,"Chowan",2001,"Suppressed"
"423",37041,"Chowan",2002,"Suppressed"
"424",37041,"Chowan",2003,"Suppressed"
"425",37041,"Chowan",2004,"74.3"
"426",37041,"Chowan",2005,"Suppressed"
"427",37041,"Chowan",2006,"Suppressed"
"428",37041,"Chowan",2007,"Suppressed"
"429",37041,"Chowan",2008,"88.7"
"430",37041,"Chowan",2009,"72.4"
"431",37041,"Chowan",2010,"64.9"
"432",37041,"Chowan",2011,"Suppressed"
"433",37041,"Chowan",2012,"Suppressed"
"434",37041,"Chowan",2013,"Suppressed"
"435",37041,"Chowan",2014,"Suppressed"
"436",37041,"Chowan",2015,"65.5"
"437",37041,"Chowan",2016,"Suppressed"
"438",37041,"Chowan",2017,"81.6"
"439",37041,"Chowan",2018,"Suppressed"
"440",37041,"Chowan",2019,"72.8"
"441",37041,"Chowan",2020,"92.2"
"442",37043,"Clay",2000,"105.1"
"443",37043,"Clay",2001,"Suppressed"
"444",37043,"Clay",2002,"Suppressed"
"445",37043,"Clay",2003,"Suppressed"
"446",37043,"Clay",2004,"Suppressed"
"447",37043,"Clay",2005,"Suppressed"
"448",37043,"Clay",2006,"Suppressed"
"449",37043,"Clay",2007,"Suppressed"
"450",37043,"Clay",2008,"Suppressed"
"451",37043,"Clay",2009,"Suppressed"
"452",37043,"Clay",2010,"90.8"
"453",37043,"Clay",2011,"83.3"
"454",37043,"Clay",2012,"Suppressed"
"455",37043,"Clay",2013,"91.0"
"456",37043,"Clay",2014,"99.6"
"457",37043,"Clay",2015,"67.5"
"458",37043,"Clay",2016,"Suppressed"
"459",37043,"Clay",2017,"81.9"
"460",37043,"Clay",2018,"64.2"
"461",37043,"Clay",2019,"Suppressed"
"462",37043,"Clay",2020,"Suppressed"
"463",37045,"Cleveland",2000,"67.1"
"464",37045,"Cleveland",2001,"70.8"
"465",37045,"Cleveland",2002,"53.4"
"466",37045,"Cleveland",2003,"64.0"
"467",37045,"Cleveland",2004,"57.4"
"468",37045,"Cleveland",2005,"88.6"
"469",37045,"Cleveland",2006,"56.0"
"470",37045,"Cleveland",2007,"78.3"
"471",37045,"Cleveland",2008,"84.8"
"472",37045,"Cleveland",2009,"90.6"
"473",37045,"Cleveland",2010,"82.9"
"474",37045,"Cleveland",2011,"78.8"
"475",37045,"Cleveland",2012,"85.0"
"476",37045,"Cleveland",2013,"81.3"
"477",37045,"Cleveland",2014,"82.7"
"478",37045,"Cleveland",2015,"113.1"
"479",37045,"Cleveland",2016,"98.1"
"480",37045,"Cleveland",2017,"107.6"
"481",37045,"Cleveland",2018,"91.1"
"482",37045,"Cleveland",2019,"116.2"
"483",37045,"Cleveland",2020,"88.6"
"484",37047,"Columbus",2000,"79.5"
"485",37047,"Columbus",2001,"34.6"
"486",37047,"Columbus",2002,"60.2"
"487",37047,"Columbus",2003,"66.0"
"488",37047,"Columbus",2004,"102.1"
"489",37047,"Columbus",2005,"94.0"
"490",37047,"Columbus",2006,"97.3"
"491",37047,"Columbus",2007,"97.2"
"492",37047,"Columbus",2008,"88.6"
"493",37047,"Columbus",2009,"89.0"
"494",37047,"Columbus",2010,"87.1"
"495",37047,"Columbus",2011,"67.5"
"496",37047,"Columbus",2012,"95.7"
"497",37047,"Columbus",2013,"101.3"
"498",37047,"Columbus",2014,"62.0"
"499",37047,"Columbus",2015,"80.4"
"500",37047,"Columbus",2016,"91.5"
"501",37047,"Columbus",2017,"86.5"
"502",37047,"Columbus",2018,"56.8"
"503",37047,"Columbus",2019,"81.1"
"504",37047,"Columbus",2020,"88.3"
"505",37049,"Craven",2000,"70.8"
"506",37049,"Craven",2001,"56.7"
"507",37049,"Craven",2002,"67.4"
"508",37049,"Craven",2003,"84.2"
"509",37049,"Craven",2004,"44.8"
"510",37049,"Craven",2005,"77.1"
"511",37049,"Craven",2006,"78.0"
"512",37049,"Craven",2007,"60.0"
"513",37049,"Craven",2008,"62.1"
"514",37049,"Craven",2009,"58.4"
"515",37049,"Craven",2010,"72.9"
"516",37049,"Craven",2011,"66.1"
"517",37049,"Craven",2012,"49.5"
"518",37049,"Craven",2013,"72.8"
"519",37049,"Craven",2014,"65.8"
"520",37049,"Craven",2015,"67.9"
"521",37049,"Craven",2016,"86.5"
"522",37049,"Craven",2017,"84.8"
"523",37049,"Craven",2018,"61.3"
"524",37049,"Craven",2019,"55.3"
"525",37049,"Craven",2020,"66.1"
"526",37051,"Cumberland",2000,"89.2"
"527",37051,"Cumberland",2001,"84.9"
"528",37051,"Cumberland",2002,"92.4"
"529",37051,"Cumberland",2003,"102.9"
"530",37051,"Cumberland",2004,"76.3"
"531",37051,"Cumberland",2005,"85.8"
"532",37051,"Cumberland",2006,"70.2"
"533",37051,"Cumberland",2007,"97.8"
"534",37051,"Cumberland",2008,"77.8"
"535",37051,"Cumberland",2009,"72.6"
"536",37051,"Cumberland",2010,"73.0"
"537",37051,"Cumberland",2011,"73.2"
"538",37051,"Cumberland",2012,"74.7"
"539",37051,"Cumberland",2013,"92.7"
"540",37051,"Cumberland",2014,"76.9"
"541",37051,"Cumberland",2015,"77.5"
"542",37051,"Cumberland",2016,"74.1"
"543",37051,"Cumberland",2017,"82.5"
"544",37051,"Cumberland",2018,"72.3"
"545",37051,"Cumberland",2019,"70.8"
"546",37051,"Cumberland",2020,"62.2"
"547",37053,"Currituck",2000,"Suppressed"
"548",37053,"Currituck",2001,"Suppressed"
"549",37053,"Currituck",2002,"86.3"
"550",37053,"Currituck",2003,"Suppressed"
"551",37053,"Currituck",2004,"98.7"
"552",37053,"Currituck",2005,"83.1"
"553",37053,"Currituck",2006,"73.0"
"554",37053,"Currituck",2007,"87.9"
"555",37053,"Currituck",2008,"71.5"
"556",37053,"Currituck",2009,"67.2"
"557",37053,"Currituck",2010,"146.6"
"558",37053,"Currituck",2011,"100.9"
"559",37053,"Currituck",2012,"80.2"
"560",37053,"Currituck",2013,"99.4"
"561",37053,"Currituck",2014,"85.5"
"562",37053,"Currituck",2015,"Suppressed"
"563",37053,"Currituck",2016,"69.0"
"564",37053,"Currituck",2017,"71.8"
"565",37053,"Currituck",2018,"66.9"
"566",37053,"Currituck",2019,"Suppressed"
"567",37053,"Currituck",2020,"62.5"
"568",37055,"Dare",2000,"75.1"
"569",37055,"Dare",2001,"75.4"
"570",37055,"Dare",2002,"Suppressed"
"571",37055,"Dare",2003,"Suppressed"
"572",37055,"Dare",2004,"51.2"
"573",37055,"Dare",2005,"Suppressed"
"574",37055,"Dare",2006,"52.4"
"575",37055,"Dare",2007,"62.4"
"576",37055,"Dare",2008,"79.2"
"577",37055,"Dare",2009,"55.1"
"578",37055,"Dare",2010,"67.2"
"579",37055,"Dare",2011,"87.0"
"580",37055,"Dare",2012,"46.7"
"581",37055,"Dare",2013,"69.3"
"582",37055,"Dare",2014,"59.2"
"583",37055,"Dare",2015,"47.0"
"584",37055,"Dare",2016,"59.4"
"585",37055,"Dare",2017,"61.2"
"586",37055,"Dare",2018,"54.0"
"587",37055,"Dare",2019,"64.1"
"588",37055,"Dare",2020,"46.4"
"589",37057,"Davidson",2000,"73.7"
"590",37057,"Davidson",2001,"70.8"
"591",37057,"Davidson",2002,"78.3"
"592",37057,"Davidson",2003,"74.5"
"593",37057,"Davidson",2004,"70.3"
"594",37057,"Davidson",2005,"97.1"
"595",37057,"Davidson",2006,"75.7"
"596",37057,"Davidson",2007,"80.5"
"597",37057,"Davidson",2008,"100.4"
"598",37057,"Davidson",2009,"90.6"
"599",37057,"Davidson",2010,"90.7"
"600",37057,"Davidson",2011,"93.2"
"601",37057,"Davidson",2012,"106.0"
"602",37057,"Davidson",2013,"91.2"
"603",37057,"Davidson",2014,"92.0"
"604",37057,"Davidson",2015,"96.8"
"605",37057,"Davidson",2016,"92.1"
"606",37057,"Davidson",2017,"103.0"
"607",37057,"Davidson",2018,"86.1"
"608",37057,"Davidson",2019,"95.3"
"609",37057,"Davidson",2020,"79.3"
"610",37059,"Davie",2000,"85.7"
"611",37059,"Davie",2001,"55.1"
"612",37059,"Davie",2002,"75.4"
"613",37059,"Davie",2003,"65.9"
"614",37059,"Davie",2004,"78.7"
"615",37059,"Davie",2005,"72.7"
"616",37059,"Davie",2006,"82.1"
"617",37059,"Davie",2007,"88.7"
"618",37059,"Davie",2008,"66.0"
"619",37059,"Davie",2009,"44.6"
"620",37059,"Davie",2010,"56.5"
"621",37059,"Davie",2011,"84.6"
"622",37059,"Davie",2012,"59.7"
"623",37059,"Davie",2013,"65.8"
"624",37059,"Davie",2014,"79.4"
"625",37059,"Davie",2015,"77.0"
"626",37059,"Davie",2016,"56.7"
"627",37059,"Davie",2017,"96.6"
"628",37059,"Davie",2018,"52.0"
"629",37059,"Davie",2019,"101.1"
"630",37059,"Davie",2020,"64.4"
"631",37061,"Duplin",2000,"98.0"
"632",37061,"Duplin",2001,"69.1"
"633",37061,"Duplin",2002,"72.8"
"634",37061,"Duplin",2003,"64.2"
"635",37061,"Duplin",2004,"63.6"
"636",37061,"Duplin",2005,"57.5"
"637",37061,"Duplin",2006,"37.0"
"638",37061,"Duplin",2007,"96.8"
"639",37061,"Duplin",2008,"57.7"
"640",37061,"Duplin",2009,"46.0"
"641",37061,"Duplin",2010,"63.7"
"642",37061,"Duplin",2011,"77.8"
"643",37061,"Duplin",2012,"91.7"
"644",37061,"Duplin",2013,"58.5"
"645",37061,"Duplin",2014,"56.5"
"646",37061,"Duplin",2015,"67.0"
"647",37061,"Duplin",2016,"56.8"
"648",37061,"Duplin",2017,"36.7"
"649",37061,"Duplin",2018,"48.2"
"650",37061,"Duplin",2019,"39.7"
"651",37061,"Duplin",2020,"51.8"
"652",37063,"Durham",2000,"64.4"
"653",37063,"Durham",2001,"38.6"
"654",37063,"Durham",2002,"48.4"
"655",37063,"Durham",2003,"56.8"
"656",37063,"Durham",2004,"40.5"
"657",37063,"Durham",2005,"51.1"
"658",37063,"Durham",2006,"43.9"
"659",37063,"Durham",2007,"53.7"
"660",37063,"Durham",2008,"57.0"
"661",37063,"Durham",2009,"34.1"
"662",37063,"Durham",2010,"54.0"
"663",37063,"Durham",2011,"48.9"
"664",37063,"Durham",2012,"38.5"
"665",37063,"Durham",2013,"45.3"
"666",37063,"Durham",2014,"47.3"
"667",37063,"Durham",2015,"37.8"
"668",37063,"Durham",2016,"35.2"
"669",37063,"Durham",2017,"41.0"
"670",37063,"Durham",2018,"43.0"
"671",37063,"Durham",2019,"38.7"
"672",37063,"Durham",2020,"34.1"
"673",37065,"Edgecombe",2000,"53.4"
"674",37065,"Edgecombe",2001,"80.2"
"675",37065,"Edgecombe",2002,"79.6"
"676",37065,"Edgecombe",2003,"65.5"
"677",37065,"Edgecombe",2004,"56.6"
"678",37065,"Edgecombe",2005,"56.5"
"679",37065,"Edgecombe",2006,"65.3"
"680",37065,"Edgecombe",2007,"47.4"
"681",37065,"Edgecombe",2008,"41.6"
"682",37065,"Edgecombe",2009,"34.3"
"683",37065,"Edgecombe",2010,"50.8"
"684",37065,"Edgecombe",2011,"48.1"
"685",37065,"Edgecombe",2012,"44.0"
"686",37065,"Edgecombe",2013,"61.3"
"687",37065,"Edgecombe",2014,"53.7"
"688",37065,"Edgecombe",2015,"46.7"
"689",37065,"Edgecombe",2016,"65.3"
"690",37065,"Edgecombe",2017,"67.1"
"691",37065,"Edgecombe",2018,"66.1"
"692",37065,"Edgecombe",2019,"61.0"
"693",37065,"Edgecombe",2020,"57.2"
"694",37067,"Forsyth",2000,"72.8"
"695",37067,"Forsyth",2001,"64.7"
"696",37067,"Forsyth",2002,"63.9"
"697",37067,"Forsyth",2003,"82.2"
"698",37067,"Forsyth",2004,"65.4"
"699",37067,"Forsyth",2005,"82.4"
"700",37067,"Forsyth",2006,"74.9"
"701",37067,"Forsyth",2007,"73.8"
"702",37067,"Forsyth",2008,"90.6"
"703",37067,"Forsyth",2009,"70.2"
"704",37067,"Forsyth",2010,"72.9"
"705",37067,"Forsyth",2011,"76.8"
"706",37067,"Forsyth",2012,"73.1"
"707",37067,"Forsyth",2013,"72.7"
"708",37067,"Forsyth",2014,"66.9"
"709",37067,"Forsyth",2015,"68.0"
"710",37067,"Forsyth",2016,"67.7"
"711",37067,"Forsyth",2017,"73.9"
"712",37067,"Forsyth",2018,"72.3"
"713",37067,"Forsyth",2019,"54.7"
"714",37067,"Forsyth",2020,"49.9"
"715",37069,"Franklin",2000,"48.3"
"716",37069,"Franklin",2001,"60.4"
"717",37069,"Franklin",2002,"56.3"
"718",37069,"Franklin",2003,"82.6"
"719",37069,"Franklin",2004,"62.9"
"720",37069,"Franklin",2005,"49.0"
"721",37069,"Franklin",2006,"35.8"
"722",37069,"Franklin",2007,"80.5"
"723",37069,"Franklin",2008,"79.4"
"724",37069,"Franklin",2009,"74.2"
"725",37069,"Franklin",2010,"70.4"
"726",37069,"Franklin",2011,"83.7"
"727",37069,"Franklin",2012,"79.8"
"728",37069,"Franklin",2013,"69.1"
"729",37069,"Franklin",2014,"60.0"
"730",37069,"Franklin",2015,"71.3"
"731",37069,"Franklin",2016,"78.3"
"732",37069,"Franklin",2017,"66.5"
"733",37069,"Franklin",2018,"71.7"
"734",37069,"Franklin",2019,"64.1"
"735",37069,"Franklin",2020,"56.2"
"736",37071,"Gaston",2000,"115.1"
"737",37071,"Gaston",2001,"81.9"
"738",37071,"Gaston",2002,"103.6"
"739",37071,"Gaston",2003,"87.2"
"740",37071,"Gaston",2004,"92.4"
"741",37071,"Gaston",2005,"103.4"
"742",37071,"Gaston",2006,"91.6"
"743",37071,"Gaston",2007,"95.4"
"744",37071,"Gaston",2008,"108.0"
"745",37071,"Gaston",2009,"111.0"
"746",37071,"Gaston",2010,"101.7"
"747",37071,"Gaston",2011,"129.6"
"748",37071,"Gaston",2012,"115.9"
"749",37071,"Gaston",2013,"102.2"
"750",37071,"Gaston",2014,"117.4"
"751",37071,"Gaston",2015,"104.2"
"752",37071,"Gaston",2016,"102.8"
"753",37071,"Gaston",2017,"98.7"
"754",37071,"Gaston",2018,"111.3"
"755",37071,"Gaston",2019,"95.1"
"756",37071,"Gaston",2020,"87.5"
"757",37073,"Gates",2000,"Suppressed"
"758",37073,"Gates",2001,"Suppressed"
"759",37073,"Gates",2002,"Suppressed"
"760",37073,"Gates",2003,"Suppressed"
"761",37073,"Gates",2004,"Suppressed"
"762",37073,"Gates",2005,"Suppressed"
"763",37073,"Gates",2006,"Suppressed"
"764",37073,"Gates",2007,"133.9"
"765",37073,"Gates",2008,"Suppressed"
"766",37073,"Gates",2009,"Suppressed"
"767",37073,"Gates",2010,"126.8"
"768",37073,"Gates",2011,"Suppressed"
"769",37073,"Gates",2012,"Suppressed"
"770",37073,"Gates",2013,"Suppressed"
"771",37073,"Gates",2014,"99.5"
"772",37073,"Gates",2015,"89.4"
"773",37073,"Gates",2016,"Suppressed"
"774",37073,"Gates",2017,"97.9"
"775",37073,"Gates",2018,"Suppressed"
"776",37073,"Gates",2019,"Suppressed"
"777",37073,"Gates",2020,"Suppressed"
"778",37075,"Graham",2000,"Suppressed"
"779",37075,"Graham",2001,"Suppressed"
"780",37075,"Graham",2002,"Suppressed"
"781",37075,"Graham",2003,"Suppressed"
"782",37075,"Graham",2004,"Suppressed"
"783",37075,"Graham",2005,"Suppressed"
"784",37075,"Graham",2006,"Suppressed"
"785",37075,"Graham",2007,"Suppressed"
"786",37075,"Graham",2008,"Suppressed"
"787",37075,"Graham",2009,"Suppressed"
"788",37075,"Graham",2010,"Suppressed"
"789",37075,"Graham",2011,"Suppressed"
"790",37075,"Graham",2012,"Suppressed"
"791",37075,"Graham",2013,"Suppressed"
"792",37075,"Graham",2014,"Suppressed"
"793",37075,"Graham",2015,"Suppressed"
"794",37075,"Graham",2016,"Suppressed"
"795",37075,"Graham",2017,"Suppressed"
"796",37075,"Graham",2018,"122.1"
"797",37075,"Graham",2019,"106.3"
"798",37075,"Graham",2020,"96.4"
"799",37077,"Granville",2000,"80.8"
"800",37077,"Granville",2001,"80.7"
"801",37077,"Granville",2002,"44.7"
"802",37077,"Granville",2003,"69.7"
"803",37077,"Granville",2004,"79.7"
"804",37077,"Granville",2005,"79.4"
"805",37077,"Granville",2006,"67.2"
"806",37077,"Granville",2007,"78.4"
"807",37077,"Granville",2008,"86.3"
"808",37077,"Granville",2009,"72.3"
"809",37077,"Granville",2010,"62.7"
"810",37077,"Granville",2011,"63.1"
"811",37077,"Granville",2012,"52.3"
"812",37077,"Granville",2013,"58.1"
"813",37077,"Granville",2014,"65.0"
"814",37077,"Granville",2015,"57.7"
"815",37077,"Granville",2016,"80.9"
"816",37077,"Granville",2017,"48.0"
"817",37077,"Granville",2018,"51.2"
"818",37077,"Granville",2019,"53.5"
"819",37077,"Granville",2020,"53.9"
"820",37079,"Greene",2000,"Suppressed"
"821",37079,"Greene",2001,"Suppressed"
"822",37079,"Greene",2002,"Suppressed"
"823",37079,"Greene",2003,"Suppressed"
"824",37079,"Greene",2004,"Suppressed"
"825",37079,"Greene",2005,"Suppressed"
"826",37079,"Greene",2006,"Suppressed"
"827",37079,"Greene",2007,"Suppressed"
"828",37079,"Greene",2008,"Suppressed"
"829",37079,"Greene",2009,"74.6"
"830",37079,"Greene",2010,"Suppressed"
"831",37079,"Greene",2011,"Suppressed"
"832",37079,"Greene",2012,"Suppressed"
"833",37079,"Greene",2013,"98.6"
"834",37079,"Greene",2014,"104.1"
"835",37079,"Greene",2015,"Suppressed"
"836",37079,"Greene",2016,"70.1"
"837",37079,"Greene",2017,"Suppressed"
"838",37079,"Greene",2018,"Suppressed"
"839",37079,"Greene",2019,"Suppressed"
"840",37079,"Greene",2020,"Suppressed"
"841",37081,"Guilford",2000,"71.1"
"842",37081,"Guilford",2001,"65.9"
"843",37081,"Guilford",2002,"63.4"
"844",37081,"Guilford",2003,"70.9"
"845",37081,"Guilford",2004,"59.6"
"846",37081,"Guilford",2005,"73.3"
"847",37081,"Guilford",2006,"63.1"
"848",37081,"Guilford",2007,"60.9"
"849",37081,"Guilford",2008,"59.8"
"850",37081,"Guilford",2009,"52.2"
"851",37081,"Guilford",2010,"54.3"
"852",37081,"Guilford",2011,"56.3"
"853",37081,"Guilford",2012,"59.0"
"854",37081,"Guilford",2013,"61.4"
"855",37081,"Guilford",2014,"58.4"
"856",37081,"Guilford",2015,"50.1"
"857",37081,"Guilford",2016,"47.8"
"858",37081,"Guilford",2017,"49.0"
"859",37081,"Guilford",2018,"48.9"
"860",37081,"Guilford",2019,"46.8"
"861",37081,"Guilford",2020,"41.2"
"862",37083,"Halifax",2000,"60.1"
"863",37083,"Halifax",2001,"74.0"
"864",37083,"Halifax",2002,"82.8"
"865",37083,"Halifax",2003,"87.4"
"866",37083,"Halifax",2004,"98.1"
"867",37083,"Halifax",2005,"74.7"
"868",37083,"Halifax",2006,"62.6"
"869",37083,"Halifax",2007,"62.9"
"870",37083,"Halifax",2008,"74.3"
"871",37083,"Halifax",2009,"74.5"
"872",37083,"Halifax",2010,"43.8"
"873",37083,"Halifax",2011,"86.6"
"874",37083,"Halifax",2012,"87.0"
"875",37083,"Halifax",2013,"79.1"
"876",37083,"Halifax",2014,"76.9"
"877",37083,"Halifax",2015,"64.5"
"878",37083,"Halifax",2016,"81.7"
"879",37083,"Halifax",2017,"69.7"
"880",37083,"Halifax",2018,"55.9"
"881",37083,"Halifax",2019,"63.6"
"882",37083,"Halifax",2020,"81.5"
"883",37085,"Harnett",2000,"106.3"
"884",37085,"Harnett",2001,"96.2"
"885",37085,"Harnett",2002,"98.2"
"886",37085,"Harnett",2003,"91.1"
"887",37085,"Harnett",2004,"94.0"
"888",37085,"Harnett",2005,"91.4"
"889",37085,"Harnett",2006,"82.7"
"890",37085,"Harnett",2007,"86.3"
"891",37085,"Harnett",2008,"82.0"
"892",37085,"Harnett",2009,"86.1"
"893",37085,"Harnett",2010,"74.7"
"894",37085,"Harnett",2011,"71.1"
"895",37085,"Harnett",2012,"92.2"
"896",37085,"Harnett",2013,"61.8"
"897",37085,"Harnett",2014,"95.9"
"898",37085,"Harnett",2015,"76.7"
"899",37085,"Harnett",2016,"80.3"
"900",37085,"Harnett",2017,"93.0"
"901",37085,"Harnett",2018,"77.3"
"902",37085,"Harnett",2019,"79.5"
"903",37085,"Harnett",2020,"63.4"
"904",37087,"Haywood",2000,"81.1"
"905",37087,"Haywood",2001,"83.5"
"906",37087,"Haywood",2002,"77.0"
"907",37087,"Haywood",2003,"78.6"
"908",37087,"Haywood",2004,"73.5"
"909",37087,"Haywood",2005,"89.4"
"910",37087,"Haywood",2006,"68.3"
"911",37087,"Haywood",2007,"59.6"
"912",37087,"Haywood",2008,"90.0"
"913",37087,"Haywood",2009,"71.6"
"914",37087,"Haywood",2010,"68.9"
"915",37087,"Haywood",2011,"101.1"
"916",37087,"Haywood",2012,"101.1"
"917",37087,"Haywood",2013,"49.3"
"918",37087,"Haywood",2014,"75.5"
"919",37087,"Haywood",2015,"76.9"
"920",37087,"Haywood",2016,"82.2"
"921",37087,"Haywood",2017,"81.7"
"922",37087,"Haywood",2018,"83.5"
"923",37087,"Haywood",2019,"62.6"
"924",37087,"Haywood",2020,"76.7"
"925",37089,"Henderson",2000,"76.3"
"926",37089,"Henderson",2001,"56.4"
"927",37089,"Henderson",2002,"74.9"
"928",37089,"Henderson",2003,"83.8"
"929",37089,"Henderson",2004,"84.0"
"930",37089,"Henderson",2005,"75.9"
"931",37089,"Henderson",2006,"71.3"
"932",37089,"Henderson",2007,"67.9"
"933",37089,"Henderson",2008,"71.8"
"934",37089,"Henderson",2009,"80.1"
"935",37089,"Henderson",2010,"66.7"
"936",37089,"Henderson",2011,"65.2"
"937",37089,"Henderson",2012,"50.8"
"938",37089,"Henderson",2013,"64.1"
"939",37089,"Henderson",2014,"48.3"
"940",37089,"Henderson",2015,"58.7"
"941",37089,"Henderson",2016,"57.0"
"942",37089,"Henderson",2017,"56.5"
"943",37089,"Henderson",2018,"46.9"
"944",37089,"Henderson",2019,"48.6"
"945",37089,"Henderson",2020,"40.6"
"946",37091,"Hertford",2000,"103.6"
"947",37091,"Hertford",2001,"Suppressed"
"948",37091,"Hertford",2002,"86.0"
"949",37091,"Hertford",2003,"65.7"
"950",37091,"Hertford",2004,"91.0"
"951",37091,"Hertford",2005,"70.9"
"952",37091,"Hertford",2006,"Suppressed"
"953",37091,"Hertford",2007,"Suppressed"
"954",37091,"Hertford",2008,"74.9"
"955",37091,"Hertford",2009,"51.4"
"956",37091,"Hertford",2010,"60.5"
"957",37091,"Hertford",2011,"59.4"
"958",37091,"Hertford",2012,"48.4"
"959",37091,"Hertford",2013,"Suppressed"
"960",37091,"Hertford",2014,"46.1"
"961",37091,"Hertford",2015,"47.1"
"962",37091,"Hertford",2016,"Suppressed"
"963",37091,"Hertford",2017,"42.9"
"964",37091,"Hertford",2018,"Suppressed"
"965",37091,"Hertford",2019,"78.7"
"966",37091,"Hertford",2020,"55.0"
"967",37093,"Hoke",2000,"116.4"
"968",37093,"Hoke",2001,"84.3"
"969",37093,"Hoke",2002,"Suppressed"
"970",37093,"Hoke",2003,"74.0"
"971",37093,"Hoke",2004,"73.4"
"972",37093,"Hoke",2005,"99.8"
"973",37093,"Hoke",2006,"76.7"
"974",37093,"Hoke",2007,"70.2"
"975",37093,"Hoke",2008,"Suppressed"
"976",37093,"Hoke",2009,"76.6"
"977",37093,"Hoke",2010,"63.9"
"978",37093,"Hoke",2011,"88.4"
"979",37093,"Hoke",2012,"88.8"
"980",37093,"Hoke",2013,"47.5"
"981",37093,"Hoke",2014,"117.5"
"982",37093,"Hoke",2015,"78.1"
"983",37093,"Hoke",2016,"43.6"
"984",37093,"Hoke",2017,"86.6"
"985",37093,"Hoke",2018,"82.2"
"986",37093,"Hoke",2019,"84.0"
"987",37093,"Hoke",2020,"62.8"
"988",37095,"Hyde",2000,"Suppressed"
"989",37095,"Hyde",2001,"Suppressed"
"990",37095,"Hyde",2002,"Suppressed"
"991",37095,"Hyde",2003,"Suppressed"
"992",37095,"Hyde",2004,"Suppressed"
"993",37095,"Hyde",2005,"Suppressed"
"994",37095,"Hyde",2006,"Suppressed"
"995",37095,"Hyde",2007,"Suppressed"
"996",37095,"Hyde",2008,"Suppressed"
"997",37095,"Hyde",2009,"Suppressed"
"998",37095,"Hyde",2010,"Suppressed"
"999",37095,"Hyde",2011,"Suppressed"
"1000",37095,"Hyde",2012,"Suppressed"
"1001",37095,"Hyde",2013,"Suppressed"
"1002",37095,"Hyde",2014,"Suppressed"
"1003",37095,"Hyde",2015,"Suppressed"
"1004",37095,"Hyde",2016,"Suppressed"
"1005",37095,"Hyde",2017,"Suppressed"
"1006",37095,"Hyde",2018,"Suppressed"
"1007",37095,"Hyde",2019,"Suppressed"
"1008",37095,"Hyde",2020,"Suppressed"
"1009",37097,"Iredell",2000,"70.5"
"1010",37097,"Iredell",2001,"76.6"
"1011",37097,"Iredell",2002,"61.3"
"1012",37097,"Iredell",2003,"71.0"
"1013",37097,"Iredell",2004,"63.2"
"1014",37097,"Iredell",2005,"78.4"
"1015",37097,"Iredell",2006,"77.4"
"1016",37097,"Iredell",2007,"73.2"
"1017",37097,"Iredell",2008,"104.6"
"1018",37097,"Iredell",2009,"83.6"
"1019",37097,"Iredell",2010,"78.5"
"1020",37097,"Iredell",2011,"98.5"
"1021",37097,"Iredell",2012,"87.6"
"1022",37097,"Iredell",2013,"78.8"
"1023",37097,"Iredell",2014,"96.1"
"1024",37097,"Iredell",2015,"88.5"
"1025",37097,"Iredell",2016,"76.0"
"1026",37097,"Iredell",2017,"68.1"
"1027",37097,"Iredell",2018,"64.0"
"1028",37097,"Iredell",2019,"74.8"
"1029",37097,"Iredell",2020,"75.0"
"1030",37099,"Jackson",2000,"91.2"
"1031",37099,"Jackson",2001,"82.7"
"1032",37099,"Jackson",2002,"74.4"
"1033",37099,"Jackson",2003,"74.3"
"1034",37099,"Jackson",2004,"81.4"
"1035",37099,"Jackson",2005,"76.6"
"1036",37099,"Jackson",2006,"86.2"
"1037",37099,"Jackson",2007,"41.7"
"1038",37099,"Jackson",2008,"73.2"
"1039",37099,"Jackson",2009,"68.4"
"1040",37099,"Jackson",2010,"85.9"
"1041",37099,"Jackson",2011,"76.4"
"1042",37099,"Jackson",2012,"62.0"
"1043",37099,"Jackson",2013,"69.5"
"1044",37099,"Jackson",2014,"59.3"
"1045",37099,"Jackson",2015,"105.9"
"1046",37099,"Jackson",2016,"67.5"
"1047",37099,"Jackson",2017,"83.8"
"1048",37099,"Jackson",2018,"55.5"
"1049",37099,"Jackson",2019,"62.5"
"1050",37099,"Jackson",2020,"65.9"
"1051",37101,"Johnston",2000,"64.0"
"1052",37101,"Johnston",2001,"53.4"
"1053",37101,"Johnston",2002,"79.5"
"1054",37101,"Johnston",2003,"67.8"
"1055",37101,"Johnston",2004,"63.1"
"1056",37101,"Johnston",2005,"86.9"
"1057",37101,"Johnston",2006,"65.1"
"1058",37101,"Johnston",2007,"65.0"
"1059",37101,"Johnston",2008,"68.5"
"1060",37101,"Johnston",2009,"69.6"
"1061",37101,"Johnston",2010,"63.2"
"1062",37101,"Johnston",2011,"51.5"
"1063",37101,"Johnston",2012,"52.4"
"1064",37101,"Johnston",2013,"66.8"
"1065",37101,"Johnston",2014,"77.4"
"1066",37101,"Johnston",2015,"91.9"
"1067",37101,"Johnston",2016,"81.6"
"1068",37101,"Johnston",2017,"81.3"
"1069",37101,"Johnston",2018,"59.0"
"1070",37101,"Johnston",2019,"58.0"
"1071",37101,"Johnston",2020,"54.8"
"1072",37103,"Jones",2000,"Suppressed"
"1073",37103,"Jones",2001,"Suppressed"
"1074",37103,"Jones",2002,"155.9"
"1075",37103,"Jones",2003,"Suppressed"
"1076",37103,"Jones",2004,"Suppressed"
"1077",37103,"Jones",2005,"Suppressed"
"1078",37103,"Jones",2006,"Suppressed"
"1079",37103,"Jones",2007,"Suppressed"
"1080",37103,"Jones",2008,"Suppressed"
"1081",37103,"Jones",2009,"Suppressed"
"1082",37103,"Jones",2010,"Suppressed"
"1083",37103,"Jones",2011,"Suppressed"
"1084",37103,"Jones",2012,"Suppressed"
"1085",37103,"Jones",2013,"Suppressed"
"1086",37103,"Jones",2014,"Suppressed"
"1087",37103,"Jones",2015,"101.3"
"1088",37103,"Jones",2016,"Suppressed"
"1089",37103,"Jones",2017,"130.1"
"1090",37103,"Jones",2018,"Suppressed"
"1091",37103,"Jones",2019,"98.6"
"1092",37103,"Jones",2020,"130.1"
"1093",37105,"Lee",2000,"106.0"
"1094",37105,"Lee",2001,"59.6"
"1095",37105,"Lee",2002,"71.0"
"1096",37105,"Lee",2003,"71.0"
"1097",37105,"Lee",2004,"64.8"
"1098",37105,"Lee",2005,"117.0"
"1099",37105,"Lee",2006,"78.3"
"1100",37105,"Lee",2007,"101.6"
"1101",37105,"Lee",2008,"72.4"
"1102",37105,"Lee",2009,"70.6"
"1103",37105,"Lee",2010,"61.7"
"1104",37105,"Lee",2011,"59.4"
"1105",37105,"Lee",2012,"74.5"
"1106",37105,"Lee",2013,"67.3"
"1107",37105,"Lee",2014,"77.6"
"1108",37105,"Lee",2015,"50.0"
"1109",37105,"Lee",2016,"45.0"
"1110",37105,"Lee",2017,"64.5"
"1111",37105,"Lee",2018,"56.5"
"1112",37105,"Lee",2019,"52.3"
"1113",37105,"Lee",2020,"82.5"
"1114",37107,"Lenoir",2000,"70.3"
"1115",37107,"Lenoir",2001,"58.5"
"1116",37107,"Lenoir",2002,"59.3"
"1117",37107,"Lenoir",2003,"89.6"
"1118",37107,"Lenoir",2004,"58.7"
"1119",37107,"Lenoir",2005,"61.2"
"1120",37107,"Lenoir",2006,"61.3"
"1121",37107,"Lenoir",2007,"66.7"
"1122",37107,"Lenoir",2008,"70.1"
"1123",37107,"Lenoir",2009,"48.1"
"1124",37107,"Lenoir",2010,"47.2"
"1125",37107,"Lenoir",2011,"62.8"
"1126",37107,"Lenoir",2012,"89.5"
"1127",37107,"Lenoir",2013,"67.0"
"1128",37107,"Lenoir",2014,"78.0"
"1129",37107,"Lenoir",2015,"73.2"
"1130",37107,"Lenoir",2016,"85.0"
"1131",37107,"Lenoir",2017,"75.6"
"1132",37107,"Lenoir",2018,"55.5"
"1133",37107,"Lenoir",2019,"54.8"
"1134",37107,"Lenoir",2020,"53.8"
"1135",37109,"Lincoln",2000,"95.9"
"1136",37109,"Lincoln",2001,"58.3"
"1137",37109,"Lincoln",2002,"101.1"
"1138",37109,"Lincoln",2003,"74.6"
"1139",37109,"Lincoln",2004,"90.3"
"1140",37109,"Lincoln",2005,"86.5"
"1141",37109,"Lincoln",2006,"80.4"
"1142",37109,"Lincoln",2007,"57.8"
"1143",37109,"Lincoln",2008,"105.7"
"1144",37109,"Lincoln",2009,"98.9"
"1145",37109,"Lincoln",2010,"96.6"
"1146",37109,"Lincoln",2011,"95.3"
"1147",37109,"Lincoln",2012,"102.1"
"1148",37109,"Lincoln",2013,"69.7"
"1149",37109,"Lincoln",2014,"85.8"
"1150",37109,"Lincoln",2015,"105.7"
"1151",37109,"Lincoln",2016,"92.9"
"1152",37109,"Lincoln",2017,"78.4"
"1153",37109,"Lincoln",2018,"76.3"
"1154",37109,"Lincoln",2019,"81.9"
"1155",37109,"Lincoln",2020,"87.0"
"1156",37113,"Macon",2000,"107.4"
"1157",37113,"Macon",2001,"49.1"
"1158",37113,"Macon",2002,"74.4"
"1159",37113,"Macon",2003,"75.0"
"1160",37113,"Macon",2004,"59.3"
"1161",37113,"Macon",2005,"68.4"
"1162",37113,"Macon",2006,"56.6"
"1163",37113,"Macon",2007,"53.1"
"1164",37113,"Macon",2008,"60.5"
"1165",37113,"Macon",2009,"63.9"
"1166",37113,"Macon",2010,"56.1"
"1167",37113,"Macon",2011,"104.5"
"1168",37113,"Macon",2012,"66.9"
"1169",37113,"Macon",2013,"76.1"
"1170",37113,"Macon",2014,"63.2"
"1171",37113,"Macon",2015,"62.1"
"1172",37113,"Macon",2016,"99.6"
"1173",37113,"Macon",2017,"93.5"
"1174",37113,"Macon",2018,"81.7"
"1175",37113,"Macon",2019,"64.8"
"1176",37113,"Macon",2020,"68.7"
"1177",37115,"Madison",2000,"65.3"
"1178",37115,"Madison",2001,"Suppressed"
"1179",37115,"Madison",2002,"Suppressed"
"1180",37115,"Madison",2003,"82.2"
"1181",37115,"Madison",2004,"Suppressed"
"1182",37115,"Madison",2005,"75.5"
"1183",37115,"Madison",2006,"80.0"
"1184",37115,"Madison",2007,"86.7"
"1185",37115,"Madison",2008,"109.8"
"1186",37115,"Madison",2009,"96.8"
"1187",37115,"Madison",2010,"58.3"
"1188",37115,"Madison",2011,"53.9"
"1189",37115,"Madison",2012,"96.8"
"1190",37115,"Madison",2013,"132.2"
"1191",37115,"Madison",2014,"81.4"
"1192",37115,"Madison",2015,"66.5"
"1193",37115,"Madison",2016,"89.8"
"1194",37115,"Madison",2017,"85.5"
"1195",37115,"Madison",2018,"86.2"
"1196",37115,"Madison",2019,"95.3"
"1197",37115,"Madison",2020,"53.0"
"1198",37117,"Martin",2000,"93.7"
"1199",37117,"Martin",2001,"95.8"
"1200",37117,"Martin",2002,"87.3"
"1201",37117,"Martin",2003,"65.0"
"1202",37117,"Martin",2004,"Suppressed"
"1203",37117,"Martin",2005,"60.8"
"1204",37117,"Martin",2006,"48.4"
"1205",37117,"Martin",2007,"97.0"
"1206",37117,"Martin",2008,"51.7"
"1207",37117,"Martin",2009,"62.6"
"1208",37117,"Martin",2010,"71.8"
"1209",37117,"Martin",2011,"Suppressed"
"1210",37117,"Martin",2012,"57.2"
"1211",37117,"Martin",2013,"Suppressed"
"1212",37117,"Martin",2014,"56.1"
"1213",37117,"Martin",2015,"59.1"
"1214",37117,"Martin",2016,"Suppressed"
"1215",37117,"Martin",2017,"60.8"
"1216",37117,"Martin",2018,"43.7"
"1217",37117,"Martin",2019,"50.4"
"1218",37117,"Martin",2020,"52.9"
"1219",37111,"McDowell",2000,"76.8"
"1220",37111,"McDowell",2001,"57.6"
"1221",37111,"McDowell",2002,"52.2"
"1222",37111,"McDowell",2003,"68.9"
"1223",37111,"McDowell",2004,"76.5"
"1224",37111,"McDowell",2005,"81.4"
"1225",37111,"McDowell",2006,"101.3"
"1226",37111,"McDowell",2007,"68.6"
"1227",37111,"McDowell",2008,"77.4"
"1228",37111,"McDowell",2009,"93.4"
"1229",37111,"McDowell",2010,"71.2"
"1230",37111,"McDowell",2011,"113.9"
"1231",37111,"McDowell",2012,"70.1"
"1232",37111,"McDowell",2013,"121.6"
"1233",37111,"McDowell",2014,"97.5"
"1234",37111,"McDowell",2015,"97.6"
"1235",37111,"McDowell",2016,"107.7"
"1236",37111,"McDowell",2017,"108.6"
"1237",37111,"McDowell",2018,"106.7"
"1238",37111,"McDowell",2019,"80.6"
"1239",37111,"McDowell",2020,"102.0"
"1240",37119,"Mecklenburg",2000,"61.4"
"1241",37119,"Mecklenburg",2001,"60.9"
"1242",37119,"Mecklenburg",2002,"63.4"
"1243",37119,"Mecklenburg",2003,"53.4"
"1244",37119,"Mecklenburg",2004,"55.6"
"1245",37119,"Mecklenburg",2005,"60.8"
"1246",37119,"Mecklenburg",2006,"58.3"
"1247",37119,"Mecklenburg",2007,"51.5"
"1248",37119,"Mecklenburg",2008,"56.9"
"1249",37119,"Mecklenburg",2009,"58.8"
"1250",37119,"Mecklenburg",2010,"53.9"
"1251",37119,"Mecklenburg",2011,"42.1"
"1252",37119,"Mecklenburg",2012,"51.5"
"1253",37119,"Mecklenburg",2013,"46.2"
"1254",37119,"Mecklenburg",2014,"43.7"
"1255",37119,"Mecklenburg",2015,"45.5"
"1256",37119,"Mecklenburg",2016,"49.0"
"1257",37119,"Mecklenburg",2017,"46.3"
"1258",37119,"Mecklenburg",2018,"44.1"
"1259",37119,"Mecklenburg",2019,"38.3"
"1260",37119,"Mecklenburg",2020,"34.6"
"1261",37121,"Mitchell",2000,"105.6"
"1262",37121,"Mitchell",2001,"153.1"
"1263",37121,"Mitchell",2002,"97.3"
"1264",37121,"Mitchell",2003,"104.0"
"1265",37121,"Mitchell",2004,"88.3"
"1266",37121,"Mitchell",2005,"123.4"
"1267",37121,"Mitchell",2006,"121.0"
"1268",37121,"Mitchell",2007,"106.9"
"1269",37121,"Mitchell",2008,"120.1"
"1270",37121,"Mitchell",2009,"127.7"
"1271",37121,"Mitchell",2010,"81.0"
"1272",37121,"Mitchell",2011,"142.1"
"1273",37121,"Mitchell",2012,"135.4"
"1274",37121,"Mitchell",2013,"106.3"
"1275",37121,"Mitchell",2014,"82.4"
"1276",37121,"Mitchell",2015,"94.6"
"1277",37121,"Mitchell",2016,"150.8"
"1278",37121,"Mitchell",2017,"96.1"
"1279",37121,"Mitchell",2018,"155.2"
"1280",37121,"Mitchell",2019,"92.8"
"1281",37121,"Mitchell",2020,"112.8"
"1282",37123,"Montgomery",2000,"92.1"
"1283",37123,"Montgomery",2001,"52.7"
"1284",37123,"Montgomery",2002,"129.7"
"1285",37123,"Montgomery",2003,"Suppressed"
"1286",37123,"Montgomery",2004,"109.8"
"1287",37123,"Montgomery",2005,"71.3"
"1288",37123,"Montgomery",2006,"65.4"
"1289",37123,"Montgomery",2007,"94.7"
"1290",37123,"Montgomery",2008,"62.5"
"1291",37123,"Montgomery",2009,"74.6"
"1292",37123,"Montgomery",2010,"71.9"
"1293",37123,"Montgomery",2011,"64.8"
"1294",37123,"Montgomery",2012,"106.9"
"1295",37123,"Montgomery",2013,"93.6"
"1296",37123,"Montgomery",2014,"70.5"
"1297",37123,"Montgomery",2015,"85.1"
"1298",37123,"Montgomery",2016,"76.3"
"1299",37123,"Montgomery",2017,"85.6"
"1300",37123,"Montgomery",2018,"86.6"
"1301",37123,"Montgomery",2019,"87.3"
"1302",37123,"Montgomery",2020,"38.0"
"1303",37125,"Moore",2000,"74.4"
"1304",37125,"Moore",2001,"45.0"
"1305",37125,"Moore",2002,"69.7"
"1306",37125,"Moore",2003,"69.2"
"1307",37125,"Moore",2004,"56.5"
"1308",37125,"Moore",2005,"44.9"
"1309",37125,"Moore",2006,"59.6"
"1310",37125,"Moore",2007,"48.5"
"1311",37125,"Moore",2008,"61.1"
"1312",37125,"Moore",2009,"53.5"
"1313",37125,"Moore",2010,"34.1"
"1314",37125,"Moore",2011,"57.4"
"1315",37125,"Moore",2012,"38.6"
"1316",37125,"Moore",2013,"64.1"
"1317",37125,"Moore",2014,"44.7"
"1318",37125,"Moore",2015,"55.2"
"1319",37125,"Moore",2016,"46.1"
"1320",37125,"Moore",2017,"64.4"
"1321",37125,"Moore",2018,"51.1"
"1322",37125,"Moore",2019,"48.7"
"1323",37125,"Moore",2020,"40.7"
"1324",37127,"Nash",2000,"56.7"
"1325",37127,"Nash",2001,"73.9"
"1326",37127,"Nash",2002,"103.1"
"1327",37127,"Nash",2003,"114.2"
"1328",37127,"Nash",2004,"70.0"
"1329",37127,"Nash",2005,"80.8"
"1330",37127,"Nash",2006,"85.3"
"1331",37127,"Nash",2007,"61.4"
"1332",37127,"Nash",2008,"81.0"
"1333",37127,"Nash",2009,"69.1"
"1334",37127,"Nash",2010,"67.0"
"1335",37127,"Nash",2011,"73.4"
"1336",37127,"Nash",2012,"80.1"
"1337",37127,"Nash",2013,"67.2"
"1338",37127,"Nash",2014,"67.0"
"1339",37127,"Nash",2015,"67.9"
"1340",37127,"Nash",2016,"80.4"
"1341",37127,"Nash",2017,"64.2"
"1342",37127,"Nash",2018,"80.0"
"1343",37127,"Nash",2019,"60.1"
"1344",37127,"Nash",2020,"65.8"
"1345",37129,"New Hanover",2000,"60.0"
"1346",37129,"New Hanover",2001,"62.7"
"1347",37129,"New Hanover",2002,"59.2"
"1348",37129,"New Hanover",2003,"51.4"
"1349",37129,"New Hanover",2004,"58.3"
"1350",37129,"New Hanover",2005,"54.2"
"1351",37129,"New Hanover",2006,"54.5"
"1352",37129,"New Hanover",2007,"41.6"
"1353",37129,"New Hanover",2008,"58.2"
"1354",37129,"New Hanover",2009,"50.5"
"1355",37129,"New Hanover",2010,"53.1"
"1356",37129,"New Hanover",2011,"45.1"
"1357",37129,"New Hanover",2012,"60.7"
"1358",37129,"New Hanover",2013,"44.2"
"1359",37129,"New Hanover",2014,"51.3"
"1360",37129,"New Hanover",2015,"53.9"
"1361",37129,"New Hanover",2016,"56.2"
"1362",37129,"New Hanover",2017,"32.2"
"1363",37129,"New Hanover",2018,"48.7"
"1364",37129,"New Hanover",2019,"47.7"
"1365",37129,"New Hanover",2020,"48.0"
"1366",37131,"Northampton",2000,"93.1"
"1367",37131,"Northampton",2001,"56.6"
"1368",37131,"Northampton",2002,"74.9"
"1369",37131,"Northampton",2003,"69.4"
"1370",37131,"Northampton",2004,"Suppressed"
"1371",37131,"Northampton",2005,"76.2"
"1372",37131,"Northampton",2006,"Suppressed"
"1373",37131,"Northampton",2007,"88.4"
"1374",37131,"Northampton",2008,"82.4"
"1375",37131,"Northampton",2009,"50.6"
"1376",37131,"Northampton",2010,"45.6"
"1377",37131,"Northampton",2011,"64.8"
"1378",37131,"Northampton",2012,"78.3"
"1379",37131,"Northampton",2013,"44.1"
"1380",37131,"Northampton",2014,"67.4"
"1381",37131,"Northampton",2015,"56.9"
"1382",37131,"Northampton",2016,"68.4"
"1383",37131,"Northampton",2017,"64.5"
"1384",37131,"Northampton",2018,"63.3"
"1385",37131,"Northampton",2019,"45.5"
"1386",37131,"Northampton",2020,"43.2"
"1387",37133,"Onslow",2000,"114.0"
"1388",37133,"Onslow",2001,"90.2"
"1389",37133,"Onslow",2002,"96.4"
"1390",37133,"Onslow",2003,"64.6"
"1391",37133,"Onslow",2004,"75.2"
"1392",37133,"Onslow",2005,"100.8"
"1393",37133,"Onslow",2006,"68.9"
"1394",37133,"Onslow",2007,"87.8"
"1395",37133,"Onslow",2008,"82.8"
"1396",37133,"Onslow",2009,"65.4"
"1397",37133,"Onslow",2010,"65.9"
"1398",37133,"Onslow",2011,"85.6"
"1399",37133,"Onslow",2012,"107.3"
"1400",37133,"Onslow",2013,"72.8"
"1401",37133,"Onslow",2014,"84.5"
"1402",37133,"Onslow",2015,"76.8"
"1403",37133,"Onslow",2016,"87.4"
"1404",37133,"Onslow",2017,"83.9"
"1405",37133,"Onslow",2018,"70.0"
"1406",37133,"Onslow",2019,"103.8"
"1407",37133,"Onslow",2020,"71.5"
"1408",37135,"Orange",2000,"42.7"
"1409",37135,"Orange",2001,"57.0"
"1410",37135,"Orange",2002,"49.4"
"1411",37135,"Orange",2003,"52.1"
"1412",37135,"Orange",2004,"43.3"
"1413",37135,"Orange",2005,"57.9"
"1414",37135,"Orange",2006,"45.8"
"1415",37135,"Orange",2007,"56.1"
"1416",37135,"Orange",2008,"46.3"
"1417",37135,"Orange",2009,"47.6"
"1418",37135,"Orange",2010,"43.9"
"1419",37135,"Orange",2011,"36.9"
"1420",37135,"Orange",2012,"35.3"
"1421",37135,"Orange",2013,"30.3"
"1422",37135,"Orange",2014,"55.8"
"1423",37135,"Orange",2015,"27.0"
"1424",37135,"Orange",2016,"44.3"
"1425",37135,"Orange",2017,"42.1"
"1426",37135,"Orange",2018,"35.8"
"1427",37135,"Orange",2019,"33.8"
"1428",37135,"Orange",2020,"23.4"
"1429",37137,"Pamlico",2000,"Suppressed"
"1430",37137,"Pamlico",2001,"104.1"
"1431",37137,"Pamlico",2002,"Suppressed"
"1432",37137,"Pamlico",2003,"Suppressed"
"1433",37137,"Pamlico",2004,"Suppressed"
"1434",37137,"Pamlico",2005,"89.2"
"1435",37137,"Pamlico",2006,"Suppressed"
"1436",37137,"Pamlico",2007,"74.4"
"1437",37137,"Pamlico",2008,"Suppressed"
"1438",37137,"Pamlico",2009,"Suppressed"
"1439",37137,"Pamlico",2010,"Suppressed"
"1440",37137,"Pamlico",2011,"68.3"
"1441",37137,"Pamlico",2012,"Suppressed"
"1442",37137,"Pamlico",2013,"69.3"
"1443",37137,"Pamlico",2014,"66.2"
"1444",37137,"Pamlico",2015,"Suppressed"
"1445",37137,"Pamlico",2016,"73.0"
"1446",37137,"Pamlico",2017,"71.2"
"1447",37137,"Pamlico",2018,"Suppressed"
"1448",37137,"Pamlico",2019,"55.8"
"1449",37137,"Pamlico",2020,"56.7"
"1450",37139,"Pasquotank",2000,"72.4"
"1451",37139,"Pasquotank",2001,"62.1"
"1452",37139,"Pasquotank",2002,"80.1"
"1453",37139,"Pasquotank",2003,"87.4"
"1454",37139,"Pasquotank",2004,"80.2"
"1455",37139,"Pasquotank",2005,"82.6"
"1456",37139,"Pasquotank",2006,"63.1"
"1457",37139,"Pasquotank",2007,"79.6"
"1458",37139,"Pasquotank",2008,"53.9"
"1459",37139,"Pasquotank",2009,"77.6"
"1460",37139,"Pasquotank",2010,"49.2"
"1461",37139,"Pasquotank",2011,"80.0"
"1462",37139,"Pasquotank",2012,"68.6"
"1463",37139,"Pasquotank",2013,"101.6"
"1464",37139,"Pasquotank",2014,"62.0"
"1465",37139,"Pasquotank",2015,"56.5"
"1466",37139,"Pasquotank",2016,"64.9"
"1467",37139,"Pasquotank",2017,"42.2"
"1468",37139,"Pasquotank",2018,"77.8"
"1469",37139,"Pasquotank",2019,"73.2"
"1470",37139,"Pasquotank",2020,"58.6"
"1471",37141,"Pender",2000,"59.8"
"1472",37141,"Pender",2001,"69.9"
"1473",37141,"Pender",2002,"49.3"
"1474",37141,"Pender",2003,"103.2"
"1475",37141,"Pender",2004,"50.4"
"1476",37141,"Pender",2005,"46.6"
"1477",37141,"Pender",2006,"52.3"
"1478",37141,"Pender",2007,"97.7"
"1479",37141,"Pender",2008,"77.0"
"1480",37141,"Pender",2009,"49.7"
"1481",37141,"Pender",2010,"59.4"
"1482",37141,"Pender",2011,"52.8"
"1483",37141,"Pender",2012,"79.9"
"1484",37141,"Pender",2013,"75.7"
"1485",37141,"Pender",2014,"84.4"
"1486",37141,"Pender",2015,"55.2"
"1487",37141,"Pender",2016,"53.3"
"1488",37141,"Pender",2017,"48.2"
"1489",37141,"Pender",2018,"48.3"
"1490",37141,"Pender",2019,"67.1"
"1491",37141,"Pender",2020,"66.4"
"1492",37143,"Perquimans",2000,"Suppressed"
"1493",37143,"Perquimans",2001,"Suppressed"
"1494",37143,"Perquimans",2002,"Suppressed"
"1495",37143,"Perquimans",2003,"Suppressed"
"1496",37143,"Perquimans",2004,"Suppressed"
"1497",37143,"Perquimans",2005,"Suppressed"
"1498",37143,"Perquimans",2006,"Suppressed"
"1499",37143,"Perquimans",2007,"Suppressed"
"1500",37143,"Perquimans",2008,"Suppressed"
"1501",37143,"Perquimans",2009,"Suppressed"
"1502",37143,"Perquimans",2010,"Suppressed"
"1503",37143,"Perquimans",2011,"Suppressed"
"1504",37143,"Perquimans",2012,"Suppressed"
"1505",37143,"Perquimans",2013,"Suppressed"
"1506",37143,"Perquimans",2014,"Suppressed"
"1507",37143,"Perquimans",2015,"Suppressed"
"1508",37143,"Perquimans",2016,"Suppressed"
"1509",37143,"Perquimans",2017,"63.9"
"1510",37143,"Perquimans",2018,"Suppressed"
"1511",37143,"Perquimans",2019,"Suppressed"
"1512",37143,"Perquimans",2020,"64.5"
"1513",37145,"Person",2000,"65.3"
"1514",37145,"Person",2001,"75.0"
"1515",37145,"Person",2002,"70.0"
"1516",37145,"Person",2003,"98.8"
"1517",37145,"Person",2004,"77.5"
"1518",37145,"Person",2005,"85.3"
"1519",37145,"Person",2006,"77.9"
"1520",37145,"Person",2007,"40.3"
"1521",37145,"Person",2008,"66.9"
"1522",37145,"Person",2009,"89.1"
"1523",37145,"Person",2010,"95.8"
"1524",37145,"Person",2011,"92.0"
"1525",37145,"Person",2012,"49.1"
"1526",37145,"Person",2013,"54.4"
"1527",37145,"Person",2014,"64.3"
"1528",37145,"Person",2015,"66.8"
"1529",37145,"Person",2016,"65.4"
"1530",37145,"Person",2017,"61.2"
"1531",37145,"Person",2018,"80.4"
"1532",37145,"Person",2019,"76.9"
"1533",37145,"Person",2020,"58.6"
"1534",37147,"Pitt",2000,"51.3"
"1535",37147,"Pitt",2001,"66.0"
"1536",37147,"Pitt",2002,"54.3"
"1537",37147,"Pitt",2003,"59.6"
"1538",37147,"Pitt",2004,"52.8"
"1539",37147,"Pitt",2005,"78.0"
"1540",37147,"Pitt",2006,"50.9"
"1541",37147,"Pitt",2007,"53.4"
"1542",37147,"Pitt",2008,"77.4"
"1543",37147,"Pitt",2009,"48.6"
"1544",37147,"Pitt",2010,"63.9"
"1545",37147,"Pitt",2011,"56.6"
"1546",37147,"Pitt",2012,"54.7"
"1547",37147,"Pitt",2013,"47.1"
"1548",37147,"Pitt",2014,"56.2"
"1549",37147,"Pitt",2015,"58.6"
"1550",37147,"Pitt",2016,"49.3"
"1551",37147,"Pitt",2017,"52.3"
"1552",37147,"Pitt",2018,"46.2"
"1553",37147,"Pitt",2019,"46.3"
"1554",37147,"Pitt",2020,"35.9"
"1555",37149,"Polk",2000,"59.8"
"1556",37149,"Polk",2001,"61.3"
"1557",37149,"Polk",2002,"69.0"
"1558",37149,"Polk",2003,"51.5"
"1559",37149,"Polk",2004,"57.9"
"1560",37149,"Polk",2005,"57.6"
"1561",37149,"Polk",2006,"68.1"
"1562",37149,"Polk",2007,"81.4"
"1563",37149,"Polk",2008,"67.3"
"1564",37149,"Polk",2009,"51.8"
"1565",37149,"Polk",2010,"58.2"
"1566",37149,"Polk",2011,"46.9"
"1567",37149,"Polk",2012,"59.6"
"1568",37149,"Polk",2013,"86.1"
"1569",37149,"Polk",2014,"40.7"
"1570",37149,"Polk",2015,"51.4"
"1571",37149,"Polk",2016,"49.2"
"1572",37149,"Polk",2017,"46.9"
"1573",37149,"Polk",2018,"50.8"
"1574",37149,"Polk",2019,"41.1"
"1575",37149,"Polk",2020,"34.5"
"1576",37151,"Randolph",2000,"61.8"
"1577",37151,"Randolph",2001,"89.1"
"1578",37151,"Randolph",2002,"52.4"
"1579",37151,"Randolph",2003,"71.2"
"1580",37151,"Randolph",2004,"79.0"
"1581",37151,"Randolph",2005,"89.7"
"1582",37151,"Randolph",2006,"75.6"
"1583",37151,"Randolph",2007,"93.0"
"1584",37151,"Randolph",2008,"99.5"
"1585",37151,"Randolph",2009,"102.6"
"1586",37151,"Randolph",2010,"77.7"
"1587",37151,"Randolph",2011,"98.6"
"1588",37151,"Randolph",2012,"96.2"
"1589",37151,"Randolph",2013,"98.4"
"1590",37151,"Randolph",2014,"96.4"
"1591",37151,"Randolph",2015,"110.2"
"1592",37151,"Randolph",2016,"76.6"
"1593",37151,"Randolph",2017,"87.3"
"1594",37151,"Randolph",2018,"111.2"
"1595",37151,"Randolph",2019,"90.1"
"1596",37151,"Randolph",2020,"71.8"
"1597",37153,"Richmond",2000,"88.5"
"1598",37153,"Richmond",2001,"65.6"
"1599",37153,"Richmond",2002,"92.6"
"1600",37153,"Richmond",2003,"58.6"
"1601",37153,"Richmond",2004,"80.3"
"1602",37153,"Richmond",2005,"64.2"
"1603",37153,"Richmond",2006,"81.4"
"1604",37153,"Richmond",2007,"70.4"
"1605",37153,"Richmond",2008,"101.9"
"1606",37153,"Richmond",2009,"84.5"
"1607",37153,"Richmond",2010,"106.3"
"1608",37153,"Richmond",2011,"75.2"
"1609",37153,"Richmond",2012,"120.0"
"1610",37153,"Richmond",2013,"101.6"
"1611",37153,"Richmond",2014,"92.9"
"1612",37153,"Richmond",2015,"106.4"
"1613",37153,"Richmond",2016,"96.4"
"1614",37153,"Richmond",2017,"126.2"
"1615",37153,"Richmond",2018,"99.0"
"1616",37153,"Richmond",2019,"86.8"
"1617",37153,"Richmond",2020,"93.9"
"1618",37155,"Robeson",2000,"85.8"
"1619",37155,"Robeson",2001,"92.6"
"1620",37155,"Robeson",2002,"74.9"
"1621",37155,"Robeson",2003,"71.8"
"1622",37155,"Robeson",2004,"65.6"
"1623",37155,"Robeson",2005,"42.9"
"1624",37155,"Robeson",2006,"59.1"
"1625",37155,"Robeson",2007,"67.5"
"1626",37155,"Robeson",2008,"53.3"
"1627",37155,"Robeson",2009,"80.5"
"1628",37155,"Robeson",2010,"47.1"
"1629",37155,"Robeson",2011,"56.2"
"1630",37155,"Robeson",2012,"53.3"
"1631",37155,"Robeson",2013,"79.5"
"1632",37155,"Robeson",2014,"67.2"
"1633",37155,"Robeson",2015,"68.4"
"1634",37155,"Robeson",2016,"71.5"
"1635",37155,"Robeson",2017,"56.5"
"1636",37155,"Robeson",2018,"75.1"
"1637",37155,"Robeson",2019,"61.6"
"1638",37155,"Robeson",2020,"63.0"
"1639",37157,"Rockingham",2000,"115.9"
"1640",37157,"Rockingham",2001,"70.2"
"1641",37157,"Rockingham",2002,"86.7"
"1642",37157,"Rockingham",2003,"91.9"
"1643",37157,"Rockingham",2004,"81.3"
"1644",37157,"Rockingham",2005,"83.8"
"1645",37157,"Rockingham",2006,"102.6"
"1646",37157,"Rockingham",2007,"101.0"
"1647",37157,"Rockingham",2008,"111.2"
"1648",37157,"Rockingham",2009,"116.8"
"1649",37157,"Rockingham",2010,"102.8"
"1650",37157,"Rockingham",2011,"80.0"
"1651",37157,"Rockingham",2012,"88.0"
"1652",37157,"Rockingham",2013,"96.6"
"1653",37157,"Rockingham",2014,"93.3"
"1654",37157,"Rockingham",2015,"109.8"
"1655",37157,"Rockingham",2016,"93.1"
"1656",37157,"Rockingham",2017,"101.3"
"1657",37157,"Rockingham",2018,"82.0"
"1658",37157,"Rockingham",2019,"88.1"
"1659",37157,"Rockingham",2020,"93.7"
"1660",37159,"Rowan",2000,"65.0"
"1661",37159,"Rowan",2001,"77.5"
"1662",37159,"Rowan",2002,"58.3"
"1663",37159,"Rowan",2003,"70.7"
"1664",37159,"Rowan",2004,"66.6"
"1665",37159,"Rowan",2005,"62.5"
"1666",37159,"Rowan",2006,"75.8"
"1667",37159,"Rowan",2007,"97.7"
"1668",37159,"Rowan",2008,"95.2"
"1669",37159,"Rowan",2009,"87.8"
"1670",37159,"Rowan",2010,"85.7"
"1671",37159,"Rowan",2011,"89.5"
"1672",37159,"Rowan",2012,"83.4"
"1673",37159,"Rowan",2013,"106.8"
"1674",37159,"Rowan",2014,"84.9"
"1675",37159,"Rowan",2015,"105.7"
"1676",37159,"Rowan",2016,"92.1"
"1677",37159,"Rowan",2017,"106.7"
"1678",37159,"Rowan",2018,"87.1"
"1679",37159,"Rowan",2019,"73.9"
"1680",37159,"Rowan",2020,"72.5"
"1681",37161,"Rutherford",2000,"54.8"
"1682",37161,"Rutherford",2001,"64.7"
"1683",37161,"Rutherford",2002,"93.1"
"1684",37161,"Rutherford",2003,"81.1"
"1685",37161,"Rutherford",2004,"66.9"
"1686",37161,"Rutherford",2005,"61.9"
"1687",37161,"Rutherford",2006,"108.1"
"1688",37161,"Rutherford",2007,"86.0"
"1689",37161,"Rutherford",2008,"89.2"
"1690",37161,"Rutherford",2009,"67.0"
"1691",37161,"Rutherford",2010,"83.7"
"1692",37161,"Rutherford",2011,"106.3"
"1693",37161,"Rutherford",2012,"99.5"
"1694",37161,"Rutherford",2013,"91.0"
"1695",37161,"Rutherford",2014,"101.3"
"1696",37161,"Rutherford",2015,"114.0"
"1697",37161,"Rutherford",2016,"117.3"
"1698",37161,"Rutherford",2017,"97.3"
"1699",37161,"Rutherford",2018,"91.0"
"1700",37161,"Rutherford",2019,"124.9"
"1701",37161,"Rutherford",2020,"118.6"
"1702",37163,"Sampson",2000,"80.6"
"1703",37163,"Sampson",2001,"80.6"
"1704",37163,"Sampson",2002,"72.3"
"1705",37163,"Sampson",2003,"57.5"
"1706",37163,"Sampson",2004,"52.9"
"1707",37163,"Sampson",2005,"59.5"
"1708",37163,"Sampson",2006,"71.8"
"1709",37163,"Sampson",2007,"72.9"
"1710",37163,"Sampson",2008,"72.8"
"1711",37163,"Sampson",2009,"55.1"
"1712",37163,"Sampson",2010,"79.0"
"1713",37163,"Sampson",2011,"60.4"
"1714",37163,"Sampson",2012,"62.9"
"1715",37163,"Sampson",2013,"57.0"
"1716",37163,"Sampson",2014,"86.1"
"1717",37163,"Sampson",2015,"78.1"
"1718",37163,"Sampson",2016,"60.1"
"1719",37163,"Sampson",2017,"74.8"
"1720",37163,"Sampson",2018,"68.1"
"1721",37163,"Sampson",2019,"70.4"
"1722",37163,"Sampson",2020,"65.8"
"1723",37165,"Scotland",2000,"63.4"
"1724",37165,"Scotland",2001,"54.9"
"1725",37165,"Scotland",2002,"66.2"
"1726",37165,"Scotland",2003,"55.2"
"1727",37165,"Scotland",2004,"Suppressed"
"1728",37165,"Scotland",2005,"55.9"
"1729",37165,"Scotland",2006,"77.6"
"1730",37165,"Scotland",2007,"42.3"
"1731",37165,"Scotland",2008,"79.2"
"1732",37165,"Scotland",2009,"61.8"
"1733",37165,"Scotland",2010,"78.3"
"1734",37165,"Scotland",2011,"67.2"
"1735",37165,"Scotland",2012,"80.1"
"1736",37165,"Scotland",2013,"101.6"
"1737",37165,"Scotland",2014,"58.0"
"1738",37165,"Scotland",2015,"54.3"
"1739",37165,"Scotland",2016,"64.4"
"1740",37165,"Scotland",2017,"72.4"
"1741",37165,"Scotland",2018,"58.5"
"1742",37165,"Scotland",2019,"61.4"
"1743",37165,"Scotland",2020,"106.2"
"1744",37167,"Stanly",2000,"65.5"
"1745",37167,"Stanly",2001,"59.3"
"1746",37167,"Stanly",2002,"46.0"
"1747",37167,"Stanly",2003,"54.1"
"1748",37167,"Stanly",2004,"34.8"
"1749",37167,"Stanly",2005,"76.6"
"1750",37167,"Stanly",2006,"53.6"
"1751",37167,"Stanly",2007,"38.2"
"1752",37167,"Stanly",2008,"79.3"
"1753",37167,"Stanly",2009,"71.3"
"1754",37167,"Stanly",2010,"69.7"
"1755",37167,"Stanly",2011,"73.6"
"1756",37167,"Stanly",2012,"67.5"
"1757",37167,"Stanly",2013,"78.0"
"1758",37167,"Stanly",2014,"74.9"
"1759",37167,"Stanly",2015,"69.4"
"1760",37167,"Stanly",2016,"69.4"
"1761",37167,"Stanly",2017,"75.8"
"1762",37167,"Stanly",2018,"58.0"
"1763",37167,"Stanly",2019,"87.7"
"1764",37167,"Stanly",2020,"71.4"
"1765",37169,"Stokes",2000,"63.9"
"1766",37169,"Stokes",2001,"90.2"
"1767",37169,"Stokes",2002,"70.5"
"1768",37169,"Stokes",2003,"92.8"
"1769",37169,"Stokes",2004,"79.1"
"1770",37169,"Stokes",2005,"111.6"
"1771",37169,"Stokes",2006,"76.7"
"1772",37169,"Stokes",2007,"103.2"
"1773",37169,"Stokes",2008,"93.1"
"1774",37169,"Stokes",2009,"90.1"
"1775",37169,"Stokes",2010,"96.7"
"1776",37169,"Stokes",2011,"87.3"
"1777",37169,"Stokes",2012,"85.2"
"1778",37169,"Stokes",2013,"83.5"
"1779",37169,"Stokes",2014,"93.6"
"1780",37169,"Stokes",2015,"83.1"
"1781",37169,"Stokes",2016,"70.1"
"1782",37169,"Stokes",2017,"89.0"
"1783",37169,"Stokes",2018,"84.4"
"1784",37169,"Stokes",2019,"82.4"
"1785",37169,"Stokes",2020,"87.2"
"1786",37171,"Surry",2000,"82.6"
"1787",37171,"Surry",2001,"71.9"
"1788",37171,"Surry",2002,"71.4"
"1789",37171,"Surry",2003,"85.5"
"1790",37171,"Surry",2004,"70.5"
"1791",37171,"Surry",2005,"78.8"
"1792",37171,"Surry",2006,"87.0"
"1793",37171,"Surry",2007,"89.7"
"1794",37171,"Surry",2008,"101.4"
"1795",37171,"Surry",2009,"89.3"
"1796",37171,"Surry",2010,"99.2"
"1797",37171,"Surry",2011,"118.5"
"1798",37171,"Surry",2012,"99.3"
"1799",37171,"Surry",2013,"87.6"
"1800",37171,"Surry",2014,"89.0"
"1801",37171,"Surry",2015,"100.8"
"1802",37171,"Surry",2016,"81.6"
"1803",37171,"Surry",2017,"84.9"
"1804",37171,"Surry",2018,"113.4"
"1805",37171,"Surry",2019,"83.2"
"1806",37171,"Surry",2020,"116.0"
"1807",37173,"Swain",2000,"159.1"
"1808",37173,"Swain",2001,"Suppressed"
"1809",37173,"Swain",2002,"Suppressed"
"1810",37173,"Swain",2003,"Suppressed"
"1811",37173,"Swain",2004,"Suppressed"
"1812",37173,"Swain",2005,"125.4"
"1813",37173,"Swain",2006,"130.5"
"1814",37173,"Swain",2007,"Suppressed"
"1815",37173,"Swain",2008,"Suppressed"
"1816",37173,"Swain",2009,"111.0"
"1817",37173,"Swain",2010,"99.2"
"1818",37173,"Swain",2011,"Suppressed"
"1819",37173,"Swain",2012,"84.4"
"1820",37173,"Swain",2013,"104.7"
"1821",37173,"Swain",2014,"99.7"
"1822",37173,"Swain",2015,"117.0"
"1823",37173,"Swain",2016,"91.2"
"1824",37173,"Swain",2017,"76.9"
"1825",37173,"Swain",2018,"78.9"
"1826",37173,"Swain",2019,"151.3"
"1827",37173,"Swain",2020,"110.7"
"1828",37175,"Transylvania",2000,"53.3"
"1829",37175,"Transylvania",2001,"49.7"
"1830",37175,"Transylvania",2002,"59.0"
"1831",37175,"Transylvania",2003,"75.9"
"1832",37175,"Transylvania",2004,"42.1"
"1833",37175,"Transylvania",2005,"65.9"
"1834",37175,"Transylvania",2006,"45.2"
"1835",37175,"Transylvania",2007,"75.7"
"1836",37175,"Transylvania",2008,"31.6"
"1837",37175,"Transylvania",2009,"41.6"
"1838",37175,"Transylvania",2010,"71.0"
"1839",37175,"Transylvania",2011,"49.8"
"1840",37175,"Transylvania",2012,"47.7"
"1841",37175,"Transylvania",2013,"63.5"
"1842",37175,"Transylvania",2014,"41.9"
"1843",37175,"Transylvania",2015,"57.2"
"1844",37175,"Transylvania",2016,"60.0"
"1845",37175,"Transylvania",2017,"66.1"
"1846",37175,"Transylvania",2018,"43.4"
"1847",37175,"Transylvania",2019,"57.3"
"1848",37175,"Transylvania",2020,"50.1"
"1849",37177,"Tyrrell",2000,"Suppressed"
"1850",37177,"Tyrrell",2001,"Suppressed"
"1851",37177,"Tyrrell",2002,"Suppressed"
"1852",37177,"Tyrrell",2003,"Suppressed"
"1853",37177,"Tyrrell",2004,"Suppressed"
"1854",37177,"Tyrrell",2005,"Suppressed"
"1855",37177,"Tyrrell",2006,"Suppressed"
"1856",37177,"Tyrrell",2007,"Suppressed"
"1857",37177,"Tyrrell",2008,"Suppressed"
"1858",37177,"Tyrrell",2009,"Suppressed"
"1859",37177,"Tyrrell",2010,"Suppressed"
"1860",37177,"Tyrrell",2011,"Suppressed"
"1861",37177,"Tyrrell",2012,"Suppressed"
"1862",37177,"Tyrrell",2013,"Suppressed"
"1863",37177,"Tyrrell",2014,"Suppressed"
"1864",37177,"Tyrrell",2015,"Suppressed"
"1865",37177,"Tyrrell",2016,"Suppressed"
"1866",37177,"Tyrrell",2017,"Suppressed"
"1867",37177,"Tyrrell",2018,"Suppressed"
"1868",37177,"Tyrrell",2019,"Suppressed"
"1869",37177,"Tyrrell",2020,"Suppressed"
"1870",37179,"Union",2000,"69.6"
"1871",37179,"Union",2001,"75.4"
"1872",37179,"Union",2002,"66.8"
"1873",37179,"Union",2003,"60.8"
"1874",37179,"Union",2004,"54.0"
"1875",37179,"Union",2005,"70.8"
"1876",37179,"Union",2006,"65.0"
"1877",37179,"Union",2007,"63.7"
"1878",37179,"Union",2008,"78.9"
"1879",37179,"Union",2009,"67.5"
"1880",37179,"Union",2010,"62.7"
"1881",37179,"Union",2011,"46.6"
"1882",37179,"Union",2012,"57.6"
"1883",37179,"Union",2013,"63.1"
"1884",37179,"Union",2014,"65.1"
"1885",37179,"Union",2015,"67.7"
"1886",37179,"Union",2016,"57.8"
"1887",37179,"Union",2017,"55.0"
"1888",37179,"Union",2018,"58.7"
"1889",37179,"Union",2019,"44.7"
"1890",37179,"Union",2020,"34.7"
"1891",37181,"Vance",2000,"69.7"
"1892",37181,"Vance",2001,"71.2"
"1893",37181,"Vance",2002,"92.4"
"1894",37181,"Vance",2003,"120.5"
"1895",37181,"Vance",2004,"75.7"
"1896",37181,"Vance",2005,"48.4"
"1897",37181,"Vance",2006,"74.6"
"1898",37181,"Vance",2007,"110.9"
"1899",37181,"Vance",2008,"87.0"
"1900",37181,"Vance",2009,"66.9"
"1901",37181,"Vance",2010,"63.7"
"1902",37181,"Vance",2011,"86.0"
"1903",37181,"Vance",2012,"67.9"
"1904",37181,"Vance",2013,"89.5"
"1905",37181,"Vance",2014,"75.9"
"1906",37181,"Vance",2015,"55.2"
"1907",37181,"Vance",2016,"82.4"
"1908",37181,"Vance",2017,"92.6"
"1909",37181,"Vance",2018,"46.5"
"1910",37181,"Vance",2019,"78.2"
"1911",37181,"Vance",2020,"78.1"
"1912",37183,"Wake",2000,"56.4"
"1913",37183,"Wake",2001,"50.4"
"1914",37183,"Wake",2002,"49.6"
"1915",37183,"Wake",2003,"55.0"
"1916",37183,"Wake",2004,"51.5"
"1917",37183,"Wake",2005,"50.4"
"1918",37183,"Wake",2006,"44.2"
"1919",37183,"Wake",2007,"44.4"
"1920",37183,"Wake",2008,"53.9"
"1921",37183,"Wake",2009,"40.6"
"1922",37183,"Wake",2010,"50.8"
"1923",37183,"Wake",2011,"49.9"
"1924",37183,"Wake",2012,"48.9"
"1925",37183,"Wake",2013,"45.9"
"1926",37183,"Wake",2014,"42.5"
"1927",37183,"Wake",2015,"37.5"
"1928",37183,"Wake",2016,"43.0"
"1929",37183,"Wake",2017,"42.4"
"1930",37183,"Wake",2018,"41.2"
"1931",37183,"Wake",2019,"37.3"
"1932",37183,"Wake",2020,"32.7"
"1933",37185,"Warren",2000,"Suppressed"
"1934",37185,"Warren",2001,"67.5"
"1935",37185,"Warren",2002,"Suppressed"
"1936",37185,"Warren",2003,"Suppressed"
"1937",37185,"Warren",2004,"64.4"
"1938",37185,"Warren",2005,"88.0"
"1939",37185,"Warren",2006,"Suppressed"
"1940",37185,"Warren",2007,"60.3"
"1941",37185,"Warren",2008,"84.3"
"1942",37185,"Warren",2009,"67.6"
"1943",37185,"Warren",2010,"65.7"
"1944",37185,"Warren",2011,"61.8"
"1945",37185,"Warren",2012,"Suppressed"
"1946",37185,"Warren",2013,"47.8"
"1947",37185,"Warren",2014,"78.4"
"1948",37185,"Warren",2015,"50.4"
"1949",37185,"Warren",2016,"90.0"
"1950",37185,"Warren",2017,"74.2"
"1951",37185,"Warren",2018,"65.4"
"1952",37185,"Warren",2019,"79.0"
"1953",37185,"Warren",2020,"Suppressed"
"1954",37187,"Washington",2000,"Suppressed"
"1955",37187,"Washington",2001,"Suppressed"
"1956",37187,"Washington",2002,"Suppressed"
"1957",37187,"Washington",2003,"Suppressed"
"1958",37187,"Washington",2004,"Suppressed"
"1959",37187,"Washington",2005,"Suppressed"
"1960",37187,"Washington",2006,"Suppressed"
"1961",37187,"Washington",2007,"Suppressed"
"1962",37187,"Washington",2008,"Suppressed"
"1963",37187,"Washington",2009,"Suppressed"
"1964",37187,"Washington",2010,"Suppressed"
"1965",37187,"Washington",2011,"Suppressed"
"1966",37187,"Washington",2012,"Suppressed"
"1967",37187,"Washington",2013,"75.3"
"1968",37187,"Washington",2014,"Suppressed"
"1969",37187,"Washington",2015,"Suppressed"
"1970",37187,"Washington",2016,"76.7"
"1971",37187,"Washington",2017,"Suppressed"
"1972",37187,"Washington",2018,"Suppressed"
"1973",37187,"Washington",2019,"68.1"
"1974",37187,"Washington",2020,"80.8"
"1975",37189,"Watauga",2000,"75.7"
"1976",37189,"Watauga",2001,"54.2"
"1977",37189,"Watauga",2002,"79.8"
"1978",37189,"Watauga",2003,"69.5"
"1979",37189,"Watauga",2004,"74.7"
"1980",37189,"Watauga",2005,"74.5"
"1981",37189,"Watauga",2006,"50.9"
"1982",37189,"Watauga",2007,"41.2"
"1983",37189,"Watauga",2008,"80.8"
"1984",37189,"Watauga",2009,"49.8"
"1985",37189,"Watauga",2010,"60.2"
"1986",37189,"Watauga",2011,"61.6"
"1987",37189,"Watauga",2012,"60.4"
"1988",37189,"Watauga",2013,"59.8"
"1989",37189,"Watauga",2014,"61.0"
"1990",37189,"Watauga",2015,"64.5"
"1991",37189,"Watauga",2016,"53.8"
"1992",37189,"Watauga",2017,"41.7"
"1993",37189,"Watauga",2018,"50.4"
"1994",37189,"Watauga",2019,"64.6"
"1995",37189,"Watauga",2020,"70.7"
"1996",37191,"Wayne",2000,"78.2"
"1997",37191,"Wayne",2001,"75.5"
"1998",37191,"Wayne",2002,"79.0"
"1999",37191,"Wayne",2003,"67.1"
"2000",37191,"Wayne",2004,"79.8"
"2001",37191,"Wayne",2005,"70.0"
"2002",37191,"Wayne",2006,"62.7"
"2003",37191,"Wayne",2007,"50.4"
"2004",37191,"Wayne",2008,"63.7"
"2005",37191,"Wayne",2009,"42.3"
"2006",37191,"Wayne",2010,"59.2"
"2007",37191,"Wayne",2011,"56.3"
"2008",37191,"Wayne",2012,"71.6"
"2009",37191,"Wayne",2013,"59.0"
"2010",37191,"Wayne",2014,"63.2"
"2011",37191,"Wayne",2015,"72.2"
"2012",37191,"Wayne",2016,"78.5"
"2013",37191,"Wayne",2017,"89.9"
"2014",37191,"Wayne",2018,"80.7"
"2015",37191,"Wayne",2019,"59.5"
"2016",37191,"Wayne",2020,"74.5"
"2017",37193,"Wilkes",2000,"95.1"
"2018",37193,"Wilkes",2001,"48.0"
"2019",37193,"Wilkes",2002,"66.9"
"2020",37193,"Wilkes",2003,"79.2"
"2021",37193,"Wilkes",2004,"68.1"
"2022",37193,"Wilkes",2005,"69.9"
"2023",37193,"Wilkes",2006,"96.6"
"2024",37193,"Wilkes",2007,"87.1"
"2025",37193,"Wilkes",2008,"75.8"
"2026",37193,"Wilkes",2009,"70.0"
"2027",37193,"Wilkes",2010,"78.8"
"2028",37193,"Wilkes",2011,"84.9"
"2029",37193,"Wilkes",2012,"65.8"
"2030",37193,"Wilkes",2013,"104.4"
"2031",37193,"Wilkes",2014,"91.7"
"2032",37193,"Wilkes",2015,"88.6"
"2033",37193,"Wilkes",2016,"95.8"
"2034",37193,"Wilkes",2017,"110.7"
"2035",37193,"Wilkes",2018,"86.9"
"2036",37193,"Wilkes",2019,"125.5"
"2037",37193,"Wilkes",2020,"97.7"
"2038",37195,"Wilson",2000,"67.6"
"2039",37195,"Wilson",2001,"53.6"
"2040",37195,"Wilson",2002,"65.7"
"2041",37195,"Wilson",2003,"50.0"
"2042",37195,"Wilson",2004,"37.5"
"2043",37195,"Wilson",2005,"60.8"
"2044",37195,"Wilson",2006,"70.2"
"2045",37195,"Wilson",2007,"79.6"
"2046",37195,"Wilson",2008,"57.1"
"2047",37195,"Wilson",2009,"61.1"
"2048",37195,"Wilson",2010,"62.6"
"2049",37195,"Wilson",2011,"47.9"
"2050",37195,"Wilson",2012,"58.9"
"2051",37195,"Wilson",2013,"58.0"
"2052",37195,"Wilson",2014,"44.3"
"2053",37195,"Wilson",2015,"44.3"
"2054",37195,"Wilson",2016,"60.1"
"2055",37195,"Wilson",2017,"64.2"
"2056",37195,"Wilson",2018,"76.4"
"2057",37195,"Wilson",2019,"69.3"
"2058",37195,"Wilson",2020,"50.6"
"2059",37197,"Yadkin",2000,"55.1"
"2060",37197,"Yadkin",2001,"63.8"
"2061",37197,"Yadkin",2002,"60.4"
"2062",37197,"Yadkin",2003,"98.4"
"2063",37197,"Yadkin",2004,"65.5"
"2064",37197,"Yadkin",2005,"97.4"
"2065",37197,"Yadkin",2006,"106.6"
"2066",37197,"Yadkin",2007,"119.6"
"2067",37197,"Yadkin",2008,"61.9"
"2068",37197,"Yadkin",2009,"104.2"
"2069",37197,"Yadkin",2010,"110.8"
"2070",37197,"Yadkin",2011,"72.5"
"2071",37197,"Yadkin",2012,"83.3"
"2072",37197,"Yadkin",2013,"105.9"
"2073",37197,"Yadkin",2014,"80.1"
"2074",37197,"Yadkin",2015,"76.1"
"2075",37197,"Yadkin",2016,"70.2"
"2076",37197,"Yadkin",2017,"135.7"
"2077",37197,"Yadkin",2018,"80.1"
"2078",37197,"Yadkin",2019,"84.3"
"2079",37197,"Yadkin",2020,"78.6"
"2080",37199,"Yancey",2000,"61.6"
"2081",37199,"Yancey",2001,"Suppressed"
"2082",37199,"Yancey",2002,"94.8"
"2083",37199,"Yancey",2003,"78.4"
"2084",37199,"Yancey",2004,"68.8"
"2085",37199,"Yancey",2005,"98.1"
"2086",37199,"Yancey",2006,"93.9"
"2087",37199,"Yancey",2007,"85.4"
"2088",37199,"Yancey",2008,"73.9"
"2089",37199,"Yancey",2009,"76.0"
"2090",37199,"Yancey",2010,"85.2"
"2091",37199,"Yancey",2011,"110.9"
"2092",37199,"Yancey",2012,"86.2"
"2093",37199,"Yancey",2013,"101.1"
"2094",37199,"Yancey",2014,"88.1"
"2095",37199,"Yancey",2015,"55.8"
"2096",37199,"Yancey",2016,"132.1"
"2097",37199,"Yancey",2017,"94.1"
"2098",37199,"Yancey",2018,"75.0"
"2099",37199,"Yancey",2019,"88.7"
"2100",37199,"Yancey",2020,"53.4"
